codec	wrapper	case	iterations	samples	prepare_i_refs	full_i_refs	execute_i_refs	execute_i_refs_min	execute_i_refs_max	i_refs_per_message	i_refs_per_word	prepare_i_refs_raw	full_i_refs_raw	execute_i_refs_raw	decoded_words	header_loop_iterations	message_boundary_steps	rejections	words_per_message	semantic_payload_bits	word_framing_bits	message_framing_bits	byte_padding_bits	total_wire_bits
a	raw	single-1	10000	3	322423	1716257	1393834	1393834	1393834	139.383	139.383	322423,322423,322423	1716257,1716257,1716257	1393834,1393834,1393834	10000	30000	0	0	1	1	3	0	0	4
a	raw	single-2	10000	3	322467	1716301	1393834	1393834	1393834	139.383	139.383	322467,322467,322467	1716301,1716301,1716301	1393834,1393834,1393834	10000	30000	0	0	1	2	3	0	0	5
a	raw	single-3	10000	3	322503	1716337	1393834	1393834	1393834	139.383	139.383	322503,322503,322503	1716337,1716337,1716337	1393834,1393834,1393834	10000	30000	0	0	1	3	3	0	0	6
a	raw	single-4	10000	3	322541	1716375	1393834	1393834	1393834	139.383	139.383	322541,322541,322541	1716375,1716375,1716375	1393834,1393834,1393834	10000	30000	0	0	1	4	3	0	0	7
a	raw	single-5	10000	3	322576	1716394	1393818	1393818	1393818	139.382	139.382	322576,322576,322576	1716394,1716394,1716394	1393818,1393818,1393818	10000	30000	0	0	1	5	3	0	0	8
a	raw	single-6	10000	3	322628	1716446	1393818	1393818	1393818	139.382	139.382	322628,322628,322628	1716446,1716446,1716446	1393818,1393818,1393818	10000	30000	0	0	1	6	3	0	0	9
a	raw	single-7	10000	3	322680	1716498	1393818	1393818	1393818	139.382	139.382	322680,322680,322680	1716498,1716498,1716498	1393818,1393818,1393818	10000	30000	0	0	1	7	3	0	0	10
a	raw	single-8	10000	3	322725	2266559	1943834	1943834	1943834	194.383	194.383	322725,322725,322725	2266559,2266559,2266559	1943834,1943834,1943834	10000	40000	0	0	1	8	4	0	0	12
a	raw	single-9	10000	3	322787	2676621	2353834	2353834	2353834	235.383	235.383	322787,322787,322787	2676621,2676621,2676621	2353834,2353834,2353834	10000	60000	0	0	1	9	6	0	0	15
a	raw	single-16	10000	3	323076	3456937	3133861	3133861	3133861	313.386	313.386	323076,323076,323076	3456937,3456937,3456937	3133861,3133861,3133861	10000	100000	0	0	1	16	10	0	0	26
a	raw	single-32	10000	3	323375	3847236	3523861	3523861	3523861	352.386	352.386	323375,323375,323375	3847236,3847236,3847236	3523861,3523861,3523861	10000	120000	0	0	1	32	12	0	0	44
a	raw	single-64	10000	3	324563	4238408	3913845	3913845	3913845	391.385	391.385	324563,324563,324563	4238408,4238408,4238408	3913845,3913845,3913845	10000	140000	0	0	1	64	14	0	0	78
a	raw	single-65	10000	3	324594	4238439	3913845	3913845	3913845	391.385	391.385	324594,324594,324594	4238439,4238439,4238439	3913845,3913845,3913845	10000	140000	0	0	1	65	14	0	0	79
a	raw	single-128	10000	3	326588	4630419	4303831	4303831	4303831	430.383	430.383	326588,326588,326588	4630419,4630419,4630419	4303831,4303831,4303831	10000	160000	0	0	1	128	16	0	0	144
a	raw	repeated3	1250	3	352401	5097471	4745070	4745070	4745070	3796.056	59.313	352401,352401,352401	5097471,5097471,5097471	4745070,4745070,4745070	80000	240000	0	0	64	192	192	0	0	384
a	raw	mixed	2500	3	338879	5907709	5568830	5568830	5568830	2227.532	159.109	338879,338879,338879	5907709,5907709,5907709	5568830,5568830,5568830	35000	242500	0	0	14	350	97	0	0	447
a	raw	corpus	2500	3	329753	3193608	2863855	2863855	2863855	1145.542	71.596	329753,329753,329753	3193608,3193608,3193608	2863855,2863855,2863855	40000	132500	0	0	16	55	53	0	0	108
a	raw	invalid	10000	3	322695	2026457	1703762	1703762	1703762	170.376		322695,322695,322695	2026457,2026457,2026457	1703762,1703762,1703762	0	0	0	10000	1	7	4	0	0	11
a	stop	single-1	10000	3	322475	2346394	2023919	2023919	2023919	202.392	202.392	322475,322475,322475	2346394,2346394,2346394	2023919,2023919,2023919	10000	30000	40000	0	1	1	3	4	3	8
a	stop	single-2	10000	3	322511	2196430	1873919	1873919	1873919	187.392	187.392	322511,322511,322511	2196430,2196430,2196430	1873919,1873919,1873919	10000	30000	30000	0	1	2	3	3	2	8
a	stop	single-3	10000	3	322539	2046458	1723919	1723919	1723919	172.392	172.392	322539,322539,322539	2046458,2046458,2046458	1723919,1723919,1723919	10000	30000	20000	0	1	3	3	2	1	8
a	stop	single-4	10000	3	322565	1896484	1573919	1573919	1573919	157.392	157.392	322565,322565,322565	1896484,1896484,1896484	1573919,1573919,1573919	10000	30000	10000	0	1	4	3	1	0	8
a	stop	single-5	10000	3	322904	2946807	2623903	2623903	2623903	262.390	262.390	322904,322904,322904	2946807,2946807,2946807	2623903,2623903,2623903	10000	30000	80000	0	1	5	3	8	7	16
a	stop	single-6	10000	3	322720	2796623	2473903	2473903	2473903	247.390	247.390	322720,322720,322720	2796623,2796623,2796623	2473903,2473903,2473903	10000	30000	70000	0	1	6	3	7	6	16
a	stop	single-7	10000	3	322748	2646651	2323903	2323903	2323903	232.390	232.390	322748,322748,322748	2646651,2646651,2646651	2323903,2323903,2323903	10000	30000	60000	0	1	7	3	6	5	16
a	stop	single-8	10000	3	322777	2896696	2573919	2573919	2573919	257.392	257.392	322777,322777,322777	2896696,2896696,2896696	2573919,2573919,2573919	10000	40000	40000	0	1	8	4	4	3	16
a	stop	single-9	10000	3	322811	2856730	2533919	2533919	2533919	253.392	253.392	322811,322811,322811	2856730,2856730,2856730	2533919,2533919,2533919	10000	60000	10000	0	1	9	6	1	0	16
a	stop	single-16	10000	3	323158	4387076	4063918	4063918	4063918	406.392	406.392	323158,323158,323158	4387076,4387076,4387076	4063918,4063918,4063918	10000	100000	60000	0	1	16	10	6	5	32
a	stop	single-32	10000	3	323441	4477359	4153918	4153918	4153918	415.392	415.392	323441,323441,323441	4477359,4477359,4477359	4153918,4153918,4153918	10000	120000	40000	0	1	32	12	4	3	48
a	stop	single-64	10000	3	324613	4568515	4243902	4243902	4243902	424.390	424.390	324613,324613,324613	4568515,4568515,4568515	4243902,4243902,4243902	10000	140000	20000	0	1	64	14	2	1	80
a	stop	single-65	10000	3	324632	4418534	4093902	4093902	4093902	409.390	409.390	324632,324632,324632	4418534,4418534,4418534	4093902,4093902,4093902	10000	140000	10000	0	1	65	14	1	0	80
a	stop	single-128	10000	3	326886	5860784	5533898	5533898	5533898	553.390	553.390	326886,326886,326886	5860784,5860784,5860784	5533898,5533898,5533898	10000	160000	80000	0	1	128	16	8	7	152
a	stop	repeated3	1250	3	352720	5251625	4898905	4898905	4898905	3919.124	61.236	352720,352720,352720	5251625,5251625,5251625	4898905,4898905,4898905	80000	240000	10000	0	64	192	192	8	7	392
a	stop	mixed	2500	3	338903	5952807	5613904	5613904	5613904	2245.562	160.397	338903,338903,338903	5952807,5952807,5952807	5613904,5613904,5613904	35000	242500	2500	0	14	350	97	1	0	448
a	stop	corpus	2500	3	329819	3351231	3021412	3021412	3021412	1208.565	75.535	329819,329819,329819	3351231,3351231,3351231	3021412,3021412,3021412	40000	132500	10000	0	16	55	53	4	3	112
a	stop	invalid	10000	3	322769	2806517	2483748	2483748	2483748	248.375		322769,322769,322769	2806517,2806517,2806517	2483748,2483748,2483748	0	0	0	10000	1	7	4	5	4	16
a	gamma	single-1	10000	3	322813	4286731	3963918	3963918	3963918	396.392	396.392	322813,322813,322813	4286731,4286731,4286731	3963918,3963918,3963918	10000	30000	120000	0	1	1	3	12	7	16
a	gamma	single-2	10000	3	322893	4136811	3813918	3813918	3813918	381.392	381.392	322893,322893,322893	4136811,4136811,4136811	3813918,3813918,3813918	10000	30000	110000	0	1	2	3	11	6	16
a	gamma	single-3	10000	3	322966	3986884	3663918	3663918	3663918	366.392	366.392	322966,322966,322966	3986884,3986884,3986884	3663918,3663918,3663918	10000	30000	100000	0	1	3	3	10	5	16
a	gamma	single-4	10000	3	322999	3926904	3603905	3603905	3603905	360.390	360.390	322999,322999,322999	3926904,3926904,3926904	3603905,3603905,3603905	10000	30000	90000	0	1	4	3	9	2	16
a	gamma	single-5	10000	3	323053	3776942	3453889	3453889	3453889	345.389	345.389	323053,323053,323053	3776942,3776942,3776942	3453889,3453889,3453889	10000	30000	80000	0	1	5	3	8	1	16
a	gamma	single-6	10000	3	323134	3627023	3303889	3303889	3303889	330.389	330.389	323134,323134,323134	3627023,3627023,3627023	3303889,3303889,3303889	10000	30000	70000	0	1	6	3	7	0	16
a	gamma	single-7	10000	3	323298	4677200	4353902	4353902	4353902	435.390	435.390	323298,323298,323298	4677200,4677200,4677200	4353902,4353902,4353902	10000	30000	140000	0	1	7	3	14	7	24
a	gamma	single-8	10000	3	323397	4927315	4603918	4603918	4603918	460.392	460.392	323397,323397,323397	4927315,4927315,4927315	4603918,4603918,4603918	10000	40000	120000	0	1	8	4	12	5	24
a	gamma	single-9	10000	3	323476	4977381	4653905	4653905	4653905	465.390	465.390	323476,323476,323476	4977381,4977381,4977381	4653905,4653905,4653905	10000	60000	90000	0	1	9	6	9	0	24
a	gamma	single-16	10000	3	324202	6508129	6183927	6183927	6183927	618.393	618.393	324202,324202,324202	6508129,6508129,6508129	6183927,6183927,6183927	10000	100000	140000	0	1	16	10	14	5	40
a	gamma	single-32	10000	3	325050	6688977	6363927	6363927	6363927	636.393	636.393	325050,325050,325050	6688977,6688977,6688977	6363927,6363927,6363927	10000	120000	120000	0	1	32	12	12	1	56
a	gamma	single-64	10000	3	327486	8071397	7743911	7743911	7743911	774.391	774.391	327486,327486,327486	8071397,8071397,8071397	7743911,7743911,7743911	10000	140000	180000	0	1	64	14	18	5	96
a	gamma	single-65	10000	3	327505	7921416	7593911	7593911	7593911	759.391	759.391	327505,327505,327505	7921416,7921416,7921416	7593911,7593911,7593911	10000	140000	170000	0	1	65	14	17	4	96
a	gamma	single-128	10000	3	331722	8255647	7923925	7923925	7923925	792.393	792.393	331722,331722,331722	8255647,8255647,8255647	7923925,7923925,7923925	10000	160000	160000	0	1	128	16	16	1	160
a	gamma	repeated3	1250	3	365098	5723989	5358891	5358891	5358891	4287.113	66.986	365098,365098,365098	5723989,5723989,5723989	5358891,5358891,5358891	80000	240000	30000	0	64	192	192	24	7	408
a	gamma	mixed	2500	3	353789	6887690	6533901	6533901	6533901	2613.560	186.683	353789,353789,353789	6887690,6887690,6887690	6533901,6533901,6533901	35000	242500	42500	0	14	350	97	17	0	464
a	gamma	corpus	2500	3	333660	4230047	3896387	3896387	3896387	1558.555	97.410	333660,333660,333660	4230047,4230047,4230047	3896387,3896387,3896387	40000	132500	50000	0	16	55	53	20	7	128
a	gamma	invalid	10000	3	323330	4837074	4513744	4513744	4513744	451.374		323330,323330,323330	4837074,4837074,4837074	4513744,4513744,4513744	0	0	0	10000	1	7	4	13	6	24
a	container	single-1	10000	3	322539	1796454	1473915	1473915	1473915	147.392	147.392	322539,322539,322539	1796454,1796454,1796454	1473915,1473915,1473915	10000	30000	10000	0	1	1	3	7	4	11
a	container	single-2	10000	3	322574	1796489	1473915	1473915	1473915	147.392	147.392	322574,322574,322574	1796489,1796489,1796489	1473915,1473915,1473915	10000	30000	10000	0	1	2	3	6	3	11
a	container	single-3	10000	3	322601	1796516	1473915	1473915	1473915	147.392	147.392	322601,322601,322601	1796516,1796516,1796516	1473915,1473915,1473915	10000	30000	10000	0	1	3	3	5	2	11
a	container	single-4	10000	3	322630	1796545	1473915	1473915	1473915	147.392	147.392	322630,322630,322630	1796545,1796545,1796545	1473915,1473915,1473915	10000	30000	10000	0	1	4	3	4	1	11
a	container	single-5	10000	3	322652	1796551	1473899	1473899	1473899	147.390	147.390	322652,322652,322652	1796551,1796551,1796551	1473899,1473899,1473899	10000	30000	10000	0	1	5	3	3	0	11
a	container	single-6	10000	3	322787	1796686	1473899	1473899	1473899	147.390	147.390	322787,322787,322787	1796686,1796686,1796686	1473899,1473899,1473899	10000	30000	10000	0	1	6	3	10	7	19
a	container	single-7	10000	3	322798	1796697	1473899	1473899	1473899	147.390	147.390	322798,322798,322798	1796697,1796697,1796697	1473899,1473899,1473899	10000	30000	10000	0	1	7	3	9	6	19
a	container	single-8	10000	3	322825	2346740	2023915	2023915	2023915	202.392	202.392	322825,322825,322825	2346740,2346740,2346740	2023915,2023915,2023915	10000	40000	10000	0	1	8	4	7	4	19
a	container	single-9	10000	3	322860	2756775	2433915	2433915	2433915	243.392	243.392	322860,322860,322860	2756775,2756775,2756775	2433915,2433915,2433915	10000	60000	10000	0	1	9	6	4	1	19
a	container	single-16	10000	3	323194	3537108	3213914	3213914	3213914	321.391	321.391	323194,323194,323194	3537108,3537108,3537108	3213914,3213914,3213914	10000	100000	10000	0	1	16	10	9	6	35
a	container	single-32	10000	3	323475	3927389	3603914	3603914	3603914	360.391	360.391	323475,323475,323475	3927389,3927389,3927389	3603914,3603914,3603914	10000	120000	10000	0	1	32	12	7	4	51
a	container	single-64	10000	3	324645	4318543	3993898	3993898	3993898	399.390	399.390	324645,324645,324645	4318543,4318543,4318543	3993898,3993898,3993898	10000	140000	10000	0	1	64	14	5	2	83
a	container	single-65	10000	3	324667	4318565	3993898	3993898	3993898	399.390	399.390	324667,324667,324667	4318565,4318565,4318565	3993898,3993898,3993898	10000	140000	10000	0	1	65	14	4	1	83
a	container	single-128	10000	3	326606	4710532	4383926	4383926	4383926	438.393	438.393	326606,326606,326606	4710532,4710532,4710532	4383926,4383926,4383926	10000	160000	10000	0	1	128	16	3	0	147
a	container	repeated3	1250	3	352461	5107601	4755140	4755140	4755140	3804.112	59.439	352461,352461,352461	5107601,5107601,5107601	4755140,4755140,4755140	80000	240000	1250	0	64	192	192	3	0	387
a	container	mixed	2500	3	338962	5927842	5588880	5588880	5588880	2235.552	159.682	338962,338962,338962	5927842,5927842,5927842	5588880,5588880,5588880	35000	242500	2500	0	14	350	97	4	1	451
a	container	corpus	2500	3	329863	3213750	2883887	2883887	2883887	1153.555	72.097	329863,329863,329863	3213750,3213750,3213750	2883887,2883887,2883887	40000	132500	2500	0	16	55	53	7	4	115
a	container	invalid	10000	3	322804	2106548	1783744	1783744	1783744	178.374		322804,322804,322804	2106548,2106548,2106548	1783744,1783744,1783744	0	0	0	10000	1	7	4	8	5	19
b	raw	single-1	10000	3	322441	1836275	1513834	1513834	1513834	151.383	151.383	322441,322441,322441	1836275,1836275,1836275	1513834,1513834,1513834	10000	10000	0	0	1	1	1	0	0	2
b	raw	single-2	10000	3	322505	2246339	1923834	1923834	1923834	192.383	192.383	322505,322505,322505	2246339,2246339,2246339	1923834,1923834,1923834	10000	30000	0	0	1	2	3	0	0	5
b	raw	single-3	10000	3	322549	2246383	1923834	1923834	1923834	192.383	192.383	322549,322549,322549	2246383,2246383,2246383	1923834,1923834,1923834	10000	30000	0	0	1	3	3	0	0	6
b	raw	single-4	10000	3	322610	2636428	2313818	2313818	2313818	231.382	231.382	322610,322610,322610	2636428,2636428,2636428	2313818,2313818,2313818	10000	50000	0	0	1	4	5	0	0	9
b	raw	single-5	10000	3	322646	2636480	2313834	2313834	2313834	231.383	231.383	322646,322646,322646	2636480,2636480,2636480	2313834,2313834,2313834	10000	50000	0	0	1	5	5	0	0	10
b	raw	single-6	10000	3	322696	2636514	2313818	2313818	2313818	231.382	231.382	322696,322696,322696	2636514,2636514,2636514	2313818,2313818,2313818	10000	50000	0	0	1	6	5	0	0	11
b	raw	single-7	10000	3	322740	2636558	2313818	2313818	2313818	231.382	231.382	322740,322740,322740	2636558,2636558,2636558	2313818,2313818,2313818	10000	50000	0	0	1	7	5	0	0	12
b	raw	single-8	10000	3	322732	3026566	2703834	2703834	2703834	270.383	270.383	322732,322732,322732	3026566,3026566,3026566	2703834,2703834,2703834	10000	70000	0	0	1	8	7	0	0	15
b	raw	single-9	10000	3	322790	3026608	2703818	2703818	2703818	270.382	270.382	322790,322790,322790	3026608,3026608,3026608	2703818,2703818,2703818	10000	70000	0	0	1	9	7	0	0	16
b	raw	single-16	10000	3	322997	3416845	3093848	3093848	3093848	309.385	309.385	322997,322997,322997	3416845,3416845,3416845	3093848,3093848,3093848	10000	90000	0	0	1	16	9	0	0	25
b	raw	single-32	10000	3	323278	3807139	3483861	3483861	3483861	348.386	348.386	323278,323278,323278	3807139,3807139,3807139	3483861,3483861,3483861	10000	110000	0	0	1	32	11	0	0	43
b	raw	single-64	10000	3	324408	4198253	3873845	3873845	3873845	387.385	387.385	324408,324408,324408	4198253,4198253,4198253	3873845,3873845,3873845	10000	130000	0	0	1	64	13	0	0	77
b	raw	single-65	10000	3	324431	4198292	3873861	3873861	3873861	387.386	387.386	324431,324431,324431	4198292,4198292,4198292	3873861,3873861,3873861	10000	130000	0	0	1	65	13	0	0	78
b	raw	single-128	10000	3	326326	4590157	4263831	4263831	4263831	426.383	426.383	326326,326326,326326	4590157,4590157,4590157	4263831,4263831,4263831	10000	150000	0	0	1	128	15	0	0	143
b	raw	repeated3	1250	3	355265	9340335	8985070	8985070	8985070	7188.056	112.313	355265,355265,355265	9340335,9340335,9340335	8985070,8985070,8985070	80000	240000	0	0	64	192	192	0	0	384
b	raw	mixed	2500	3	338480	7349810	7011330	7011330	7011330	2804.532	200.324	338480,338480,338480	7349810,7349810,7349810	7011330,7011330,7011330	35000	255000	0	0	14	350	102	0	0	452
b	raw	corpus	2500	3	330365	5459209	5128844	5128844	5128844	2051.538	128.221	330365,330365,330365	5459209,5459209,5459209	5128844,5128844,5128844	40000	145000	0	0	16	55	58	0	0	113
b	raw	invalid	10000	3	322702	2776464	2453762	2453762	2453762	245.376		322702,322702,322702	2776464,2776464,2776464	2453762,2453762,2453762	0	0	0	10000	1	7	7	0	0	14
b	stop	single-1	10000	3	322509	2766428	2443919	2443919	2443919	244.392	244.392	322509,322509,322509	2766428,2766428,2766428	2443919,2443919,2443919	10000	10000	60000	0	1	1	1	6	5	8
b	stop	single-2	10000	3	322549	2726468	2403919	2403919	2403919	240.392	240.392	322549,322549,322549	2726468,2726468,2726468	2403919,2403919,2403919	10000	30000	30000	0	1	2	3	3	2	8
b	stop	single-3	10000	3	322585	2576504	2253919	2253919	2253919	225.392	225.392	322585,322585,322585	2576504,2576504,2576504	2253919,2253919,2253919	10000	30000	20000	0	1	3	3	2	1	8
b	stop	single-4	10000	3	322702	3716605	3393903	3393903	3393903	339.390	339.390	322702,322702,322702	3716605,3716605,3716605	3393903,3393903,3393903	10000	50000	70000	0	1	4	5	7	6	16
b	stop	single-5	10000	3	322714	3566633	3243919	3243919	3243919	324.392	324.392	322714,322714,322714	3566633,3566633,3566633	3243919,3243919,3243919	10000	50000	60000	0	1	5	5	6	5	16
b	stop	single-6	10000	3	322756	3416659	3093903	3093903	3093903	309.390	309.390	322756,322756,322756	3416659,3416659,3416659	3093903,3093903,3093903	10000	50000	50000	0	1	6	5	5	4	16
b	stop	single-7	10000	3	322792	3266695	2943903	2943903	2943903	294.390	294.390	322792,322792,322792	3266695,3266695,3266695	2943903,2943903,2943903	10000	50000	40000	0	1	7	5	4	3	16
b	stop	single-8	10000	3	322756	3206675	2883919	2883919	2883919	288.392	288.392	322756,322756,322756	3206675,3206675,3206675	2883919,2883919,2883919	10000	70000	10000	0	1	8	7	1	0	16
b	stop	single-9	10000	3	323102	4257005	3933903	3933903	3933903	393.390	393.390	323102,323102,323102	4257005,4257005,4257005	3933903,3933903,3933903	10000	70000	80000	0	1	9	7	8	7	24
b	stop	single-16	10000	3	323087	4496992	4173905	4173905	4173905	417.390	417.390	323087,323087,323087	4496992,4496992,4496992	4173905,4173905,4173905	10000	90000	70000	0	1	16	9	7	6	32
b	stop	single-32	10000	3	323352	4587270	4263918	4263918	4263918	426.392	426.392	323352,323352,323352	4587270,4587270,4587270	4263918,4263918,4263918	10000	110000	50000	0	1	32	11	5	4	48
b	stop	single-64	10000	3	324466	4678368	4353902	4353902	4353902	435.390	435.390	324466,324466,324466	4678368,4678368,4678368	4353902,4353902,4353902	10000	130000	30000	0	1	64	13	3	2	80
b	stop	single-65	10000	3	324481	4528399	4203918	4203918	4203918	420.392	420.392	324481,324481,324481	4528399,4528399,4528399	4203918,4203918,4203918	10000	130000	20000	0	1	65	13	2	1	80
b	stop	single-128	10000	3	326350	4770248	4443898	4443898	4443898	444.390	444.390	326350,326350,326350	4770248,4770248,4770248	4443898,4443898,4443898	10000	150000	10000	0	1	128	15	1	0	144
b	stop	repeated3	1250	3	355584	9494489	9138905	9138905	9138905	7311.124	114.236	355584,355584,355584	9494489,9494489,9494489	9138905,9138905,9138905	80000	240000	10000	0	64	192	192	8	7	392
b	stop	mixed	2500	3	338532	7507447	7168915	7168915	7168915	2867.566	204.826	338532,338532,338532	7507447,7507447,7507447	7168915,7168915,7168915	35000	255000	10000	0	14	350	102	4	3	456
b	stop	corpus	2500	3	330455	5729356	5398901	5398901	5398901	2159.560	134.973	330455,330455,330455	5729356,5729356,5729356	5398901,5398901,5398901	40000	145000	17500	0	16	55	58	7	6	120
b	stop	invalid	10000	3	322752	3106500	2783748	2783748	2783748	278.375		322752,322752,322752	3106500,3106500,3106500	2783748,2783748,2783748	0	0	0	10000	1	7	7	2	1	16
b	gamma	single-1	10000	3	322698	3416603	3093905	3093905	3093905	309.390	309.390	322698,322698,322698	3416603,3416603,3416603	3093905,3093905,3093905	10000	10000	60000	0	1	1	1	6	3	8
b	gamma	single-2	10000	3	322931	4666849	4343918	4343918	4343918	434.392	434.392	322931,322931,322931	4666849,4666849,4666849	4343918,4343918,4343918	10000	30000	110000	0	1	2	3	11	6	16
b	gamma	single-3	10000	3	323021	4516939	4193918	4193918	4193918	419.392	419.392	323021,323021,323021	4516939,4516939,4516939	4193918,4193918,4193918	10000	30000	100000	0	1	3	3	10	5	16
b	gamma	single-4	10000	3	323098	4546987	4223889	4223889	4223889	422.389	422.389	323098,323098,323098	4546987,4546987,4546987	4223889,4223889,4223889	10000	50000	70000	0	1	4	5	7	0	16
b	gamma	single-5	10000	3	323246	5597164	5273918	5273918	5273918	527.392	527.392	323246,323246,323246	5597164,5597164,5597164	5273918,5273918,5273918	10000	50000	140000	0	1	5	5	14	7	24
b	gamma	single-6	10000	3	323313	5447215	5123902	5123902	5123902	512.390	512.390	323313,323313,323313	5447215,5447215,5447215	5123902,5123902,5123902	10000	50000	130000	0	1	6	5	13	6	24
b	gamma	single-7	10000	3	323403	5297305	4973902	4973902	4973902	497.390	497.390	323403,323403,323403	5297305,5297305,5297305	4973902,4973902,4973902	10000	50000	120000	0	1	7	5	12	5	24
b	gamma	single-8	10000	3	323394	5327299	5003905	5003905	5003905	500.390	500.390	323394,323394,323394	5327299,5327299,5327299	5003905,5003905,5003905	10000	70000	90000	0	1	8	7	9	0	24
b	gamma	single-9	10000	3	323580	6377482	6053902	6053902	6053902	605.390	605.390	323580,323580,323580	6377482,6377482,6377482	6053902,6053902,6053902	10000	70000	160000	0	1	9	7	16	7	32
b	gamma	single-16	10000	3	324059	6617973	6293914	6293914	6293914	629.391	629.391	324059,324059,324059	6617973,6617973,6617973	6293914,6293914,6293914	10000	90000	150000	0	1	16	9	15	6	40
b	gamma	single-32	10000	3	324880	6798807	6473927	6473927	6473927	647.393	647.393	324880,324880,324880	6798807,6798807,6798807	6473927,6473927,6473927	10000	110000	130000	0	1	32	11	13	2	56
b	gamma	single-64	10000	3	327249	8181160	7853911	7853911	7853911	785.391	785.391	327249,327249,327249	8181160,8181160,8181160	7853911,7853911,7853911	10000	130000	190000	0	1	64	13	19	6	96
b	gamma	single-65	10000	3	327325	8031236	7703911	7703911	7703911	770.391	770.391	327325,327325,327325	8031236,8031236,8031236	7703911,7703911,7703911	10000	130000	180000	0	1	65	13	18	5	96
b	gamma	single-128	10000	3	331369	8365294	8033925	8033925	8033925	803.393	803.393	331369,331369,331369	8365294,8365294,8365294	8033925,8033925,8033925	10000	150000	170000	0	1	128	15	17	2	160
b	gamma	repeated3	1250	3	368538	9967429	9598891	9598891	9598891	7679.113	119.986	368538,368538,368538	9967429,9967429,9967429	9598891,9598891,9598891	80000	240000	30000	0	64	192	192	24	7	408
b	gamma	mixed	2500	3	353314	8442215	8088901	8088901	8088901	3235.560	231.111	353314,353314,353314	8442215,8442215,8442215	8088901,8088901,8088901	35000	255000	50000	0	14	350	102	20	3	472
b	gamma	corpus	2500	3	334359	6308246	5973887	5973887	5973887	2389.555	149.347	334359,334359,334359	6308246,6308246,6308246	5973887,5973887,5973887	40000	145000	37500	0	16	55	58	15	2	128
b	gamma	invalid	10000	3	323384	5137128	4813744	4813744	4813744	481.374		323384,323384,323384	5137128,5137128,5137128	4813744,4813744,4813744	0	0	0	10000	1	7	7	10	3	24
b	container	single-1	10000	3	322575	1916490	1593915	1593915	1593915	159.392	159.392	322575,322575,322575	1916490,1916490,1916490	1593915,1593915,1593915	10000	10000	10000	0	1	1	1	9	6	11
b	container	single-2	10000	3	322612	2326527	2003915	2003915	2003915	200.392	200.392	322612,322612,322612	2326527,2326527,2326527	2003915,2003915,2003915	10000	30000	10000	0	1	2	3	6	3	11
b	container	single-3	10000	3	322647	2326562	2003915	2003915	2003915	200.392	200.392	322647,322647,322647	2326562,2326562,2326562	2003915,2003915,2003915	10000	30000	10000	0	1	3	3	5	2	11
b	container	single-4	10000	3	322769	2716668	2393899	2393899	2393899	239.390	239.390	322769,322769,322769	2716668,2716668,2716668	2393899,2393899,2393899	10000	50000	10000	0	1	4	5	10	7	19
b	container	single-5	10000	3	322764	2716679	2393915	2393915	2393915	239.392	239.392	322764,322764,322764	2716679,2716679,2716679	2393915,2393915,2393915	10000	50000	10000	0	1	5	5	9	6	19
b	container	single-6	10000	3	322805	2716704	2393899	2393899	2393899	239.390	239.390	322805,322805,322805	2716704,2716704,2716704	2393899,2393899,2393899	10000	50000	10000	0	1	6	5	8	5	19
b	container	single-7	10000	3	322840	2716739	2393899	2393899	2393899	239.390	239.390	322840,322840,322840	2716739,2716739,2716739	2393899,2393899,2393899	10000	50000	10000	0	1	7	5	7	4	19
b	container	single-8	10000	3	322805	3106720	2783915	2783915	2783915	278.392	278.392	322805,322805,322805	3106720,3106720,3106720	2783915,2783915,2783915	10000	70000	10000	0	1	8	7	4	1	19
b	container	single-9	10000	3	322850	3106749	2783899	2783899	2783899	278.390	278.390	322850,322850,322850	3106749,3106749,3106749	2783899,2783899,2783899	10000	70000	10000	0	1	9	7	3	0	19
b	container	single-16	10000	3	323140	3497041	3173901	3173901	3173901	317.390	317.390	323140,323140,323140	3497041,3497041,3497041	3173901,3173901,3173901	10000	90000	10000	0	1	16	9	10	7	35
b	container	single-32	10000	3	323387	3887301	3563914	3563914	3563914	356.391	356.391	323387,323387,323387	3887301,3887301,3887301	3563914,3563914,3563914	10000	110000	10000	0	1	32	11	8	5	51
b	container	single-64	10000	3	324499	4278397	3953898	3953898	3953898	395.390	395.390	324499,324499,324499	4278397,4278397,4278397	3953898,3953898,3953898	10000	130000	10000	0	1	64	13	6	3	83
b	container	single-65	10000	3	324513	4278427	3953914	3953914	3953914	395.391	395.391	324513,324513,324513	4278427,4278427,4278427	3953914,3953914,3953914	10000	130000	10000	0	1	65	13	5	2	83
b	container	single-128	10000	3	326357	4670283	4343926	4343926	4343926	434.393	434.393	326357,326357,326357	4670283,4670283,4670283	4343926,4343926,4343926	10000	150000	10000	0	1	128	15	4	1	147
b	container	repeated3	1250	3	355325	9350465	8995140	8995140	8995140	7196.112	112.439	355325,355325,355325	9350465,9350465,9350465	8995140,8995140,8995140	80000	240000	1250	0	64	192	192	3	0	387
b	container	mixed	2500	3	338590	7369970	7031380	7031380	7031380	2812.552	200.897	338590,338590,338590	7369970,7369970,7369970	7031380,7031380,7031380	35000	255000	2500	0	14	350	102	7	4	459
b	container	corpus	2500	3	330518	5479394	5148876	5148876	5148876	2059.550	128.722	330518,330518,330518	5479394,5479394,5479394	5148876,5148876,5148876	40000	145000	2500	0	16	55	58	10	7	123
b	container	invalid	10000	3	322784	2856528	2533744	2533744	2533744	253.374		322784,322784,322784	2856528,2856528,2856528	2533744,2533744,2533744	0	0	0	10000	1	7	7	5	2	19
