workload	rep	inner_repeats	sens_ingest_ns	wasm_compile_ns	sens_warm_ns_per_op	wasm_warm_ns_per_op	sens_cold_full_ns	wasm_cold_ns
d3-quote-empty	0	10000	16500.0	340175.0	93.8391	159.5642	8903767.0	472725.0
d3-quote-empty	1	10000	17417.0	406908.0	103.8125	113.1258	9154750.0	391967.0
d3-quote-empty	2	10000	17142.0	463008.0	91.795	112.2	8595492.0	465666.0
d3-quote-empty	3	10000	13658.0	330825.0	90.9058	111.4667	8928059.0	474100.0
d3-quote-empty	4	10000	18425.0	372808.0	95.26	112.31	9291975.0	379042.0
d3-quote-empty	5	10000	13933.0	372533.0	94.6734	163.8725	8654067.0	593450.0
d3-quote-empty	6	10000	14759.0	297550.0	95.5258	108.79	9021925.0	453200.0
d3-quote-empty	7	10000	17325.0	442934.0	92.7025	114.5467	8694492.0	476500.0
d3-quote-empty	8	10000	15500.0	394600.0	102.23	118.81	9179700.0	428500.0
d3-quote-empty	9	10000	11100.0	572500.0	104.43	145.09	9067900.0	622000.0
d3-car-empty	0	10000	45300.0	372700.0	482.44	119.08	9429500.0	617600.0
d3-car-empty	1	10000	11800.0	494700.0	512.91	143.01	9083800.0	466500.0
d3-car-empty	2	10000	18800.0	631600.0	481.53	163.39	9332000.0	488600.0
d3-car-empty	3	10000	16600.0	362500.0	480.21	123.01	9590800.0	526800.0
d3-car-empty	4	10000	20020.0	438122.0	451.2325	115.2839	8970031.0	456976.0
d3-car-empty	5	10000	15745.0	587208.0	548.9547	126.7618	8929601.0	601495.0
d3-car-empty	6	10000	20701.0	614906.0	454.5271	140.8929	9239629.0	495171.0
d3-car-empty	7	10000	34696.0	535893.0	473.8286	112.7086	8980333.0	648144.0
d3-car-empty	8	10000	30226.0	468055.0	480.3888	121.018	9522932.0	462127.0
d3-car-empty	9	10000	16133.0	378254.0	453.6234	134.1092	9997693.0	576614.0
