repository	branch	head_sha	base_main_sha	ahead	behind	verdict	evidence	reason	action	ci
juv4uk/sens	simplify/equal-structural-relation-retire	552d103e57887d2ec0cf0a10128329c5c8b26c05	61c81b9bac3f2a9224bcbd49fb227e59251acf3d	0	5117	MERGED-IN	https://github.com/juv4uk/sens/pull/1795	Git ancestry: historical branch head is ancestor of main; does not ratify retired semantics	SKIP	NOT-REQUIRED-ALREADY-IN-MAIN
juv4uk/sens	test/116-one-truth-three-paths-red	39e06d41365c3f2c9a3c4d9509b7062e4e242c6e	61c81b9bac3f2a9224bcbd49fb227e59251acf3d	0	6664	MERGED-IN	https://github.com/juv4uk/sens/pull/172	Git ancestry: branch head is ancestor of main; no replay of historical truth machinery	SKIP	NOT-REQUIRED-ALREADY-IN-MAIN
juv4uk/sens	simplify/1698-structure-not-ontology	6021b25251cde3b0a975e195fd54279eef6af13d	61c81b9bac3f2a9224bcbd49fb227e59251acf3d	0	5151	MERGED-IN	https://github.com/juv4uk/sens/pull/1757	Git ancestry: no unmerged commits; historical structural semantics not re-authorized	SKIP	NOT-REQUIRED-ALREADY-IN-MAIN
juv4uk/sens	research/d6-v2-laws-current-main-20261009	1b71143ab52a1783bd4bc8f0772ae2004e316698	61c81b9bac3f2a9224bcbd49fb227e59251acf3d	0	3737	MERGED-IN	https://github.com/juv4uk/sens/compare/main...research/d6-v2-laws-current-main-20261009	No unique commits (ahead=0)	SKIP	NOT-REQUIRED-ALREADY-IN-MAIN
juv4uk/sens	research/d6-nth-maplist-sublis-main-replay-20261009	34b73e1929651b5db5731b3d9aa84863c6b9a3df	61c81b9bac3f2a9224bcbd49fb227e59251acf3d	0	3732	MERGED-IN	https://github.com/juv4uk/sens/compare/main...research/d6-nth-maplist-sublis-main-replay-20261009	No unique commits (ahead=0)	SKIP	NOT-REQUIRED-ALREADY-IN-MAIN
juv4uk/sens	research/axiom-corpus-3451	f9bac621de14e938124124c4b40db187453cb5a2	61c81b9bac3f2a9224bcbd49fb227e59251acf3d	0	4606	MERGED-IN	https://github.com/juv4uk/sens/compare/main...research/axiom-corpus-3451	No unique commits (ahead=0)	SKIP	NOT-REQUIRED-ALREADY-IN-MAIN
juv4uk/sens	research/d8-d9-overflow-provenance-archive-20261009	dde89211bd3df03c8062d65a0018e4116061b5ea	61c81b9bac3f2a9224bcbd49fb227e59251acf3d	4	3730	CONFLICT	https://github.com/juv4uk/sens/compare/main...research/d8-d9-overflow-provenance-archive-20261009	Three original archival assets exactly present as current main Git blobs; scripts/check-historical-d8-d9-provenance.py differs: branch 8be25b5a vs main 55535438; manual semantic triage required	HOLD	UNVERIFIED
juv4uk/sens	research/d8-lisp15-appendix-preservation-20261009	c53ef63ec2e7887ad34ad91dbfa1659a80c6ef0f	61c81b9bac3f2a9224bcbd49fb227e59251acf3d	4	3742	CONFLICT	https://github.com/juv4uk/sens/compare/main...research/d8-lisp15-appendix-preservation-20261009	Three original archival assets exactly present as current main Git blobs; scripts/check-lisp15-appendix-provenance.py differs: branch 831cd86a vs main 5b38b0c3; manual semantic triage required	HOLD	UNVERIFIED
juv4uk/sens	research/d10-chess-zero-sum-castling-roots-20261009	7705bc5d4a1402a27427d091ebb49e39c22c98d3	61c81b9bac3f2a9224bcbd49fb227e59251acf3d	0	3716	MERGED-IN	https://github.com/juv4uk/sens/compare/61c81b9...research/d10-chess-zero-sum-castling-roots-20261009	Strict ancestor of pinned main; zero unique commits	SKIP	NOT-REQUIRED-ALREADY-IN-MAIN
juv4uk/sens	research/d10-binary-state-shortest-witness-20261009	489feab5d95854cd6c80bf7d89d15c32995da69e	61c81b9bac3f2a9224bcbd49fb227e59251acf3d	0	3697	MERGED-IN	https://github.com/juv4uk/sens/compare/main...research/d10-binary-state-shortest-witness-20261009	Strict ancestor of pinned main; zero unique commits	SKIP	NOT-REQUIRED-ALREADY-IN-MAIN
juv4uk/sens	research/d10-1971-strips-goal-regression-20261009	f36ab1d835d4f468765bdf8b5e9010961b6f203c	61c81b9bac3f2a9224bcbd49fb227e59251acf3d	0	3679	MERGED-IN	https://github.com/juv4uk/sens/compare/main...research/d10-1971-strips-goal-regression-20261009	Strict ancestor of pinned main; zero unique commits	SKIP	NOT-REQUIRED-ALREADY-IN-MAIN
juv4uk/sens	research/d10-conditions-finish-20261009	1fc3782058c301e58754e43114ddf4ee5d9333e0	61c81b9bac3f2a9224bcbd49fb227e59251acf3d	10	3678	OBSOLETE	https://github.com/juv4uk/sens/pull/5019	Closed-unmerged #5019 was explicitly superseded by owner single-stream #4901; old 634 D10 snapshot and ledger	SKIP-CLOSE-DUPLICATE	NOT-REQUIRED-RETIRED-DUPLICATE
juv4uk/sens	research/d10-cyclic-word-canon-fresh-main-20261009	557b9693dbc6c7634d0450be96d38d5ac78f9a76	61c81b9bac3f2a9224bcbd49fb227e59251acf3d	10	3708	CONFLICT	https://github.com/juv4uk/sens/pull/4944	Closed-unmerged #4944 overlaps cyclic least-rotation #4945, with unresolved empty-word contract	HOLD-DEDUPE	UNVERIFIED
juv4uk/sens	research/d10-atms-strips-symbolic-foundations-20261009	d58ecb391a5a6758c4ebd6f8752e9ec158755f3e	61c81b9bac3f2a9224bcbd49fb227e59251acf3d	4	3690	CONFLICT	https://github.com/juv4uk/sens/pull/4985	Closed-unmerged #4985 has old 634 ledger and ATMS/STRIPS overlap requiring cross-check vs #4958/#4992	HOLD-DEDUPE	UNVERIFIED
