round	warmup	workload	form	wall_s	user_s	sys_s	maxrss_kb	exit	load1
0	True	empty	-	0.702559163008118	0.7238589999999999	0.0	16848	0	2.5078125
0	True	fib	en	2.219012514993665	2.27433	0.017004	16848	0	2.5078125
0	True	fib	sens	1.6893555209971964	1.7426439999999999	0.004149	16848	0	2.38671875
0	True	fib	uk	2.109660978996544	2.172364	0.008355	16848	0	2.38671875
0	True	fib	wrap	5.302074485007324	5.215825	0.013535	16848	0	2.275390625
0	True	loop	en	2.4036712999950396	2.5159089999999997	0.004193	16848	0	2.73388671875
0	True	loop	sens	1.9264624189963797	2.012095	0.004235	16848	0	2.73388671875
0	True	loop	uk	2.313507964994642	2.481469	0.0	16848	0	2.6748046875
0	True	loop	wrap	4.184722035002778	4.470337	0.008714	16848	0	2.6748046875
0	True	lists	en	2.642928050001501	2.829823	0.00868	16848	0	2.62060546875
0	True	lists	sens	2.103608092991635	2.25941	0.0043029999999999995	16848	0	2.62060546875
0	True	lists	uk	2.5662318899994716	2.755492	0.004305	16848	0	2.49072265625
0	True	lists	wrap	4.810562705999473	5.037434	0.021041	16848	0	2.49072265625
0	True	member	en	4.041601713004638	4.192595	0.004431	16848	0	3.09228515625
0	True	member	sens	4.184264707000693	4.176996	0.0	16848	0	2.92431640625
0	True	member	uk	3.862776738998946	4.049734	0.004299	16848	0	2.77001953125
0	True	member	wrap	6.651827152003534	7.186468	0.004323	16848	0	2.7080078125
0	True	closures	en	2.202766749993316	2.351267	0.008676	16848	0	2.65087890625
0	True	closures	sens	1.774202308995882	1.88018	0.0	16848	0	2.5185546875
0	True	closures	uk	2.201524963005795	2.328218	0.008480999999999999	16848	0	2.5185546875
0	True	closures	wrap	3.3197557929961476	3.514227	0.008509	16848	0	2.5185546875
1	False	empty	-	0.6478399680054281	0.675279	0.008494	16848	0	2.396484375
1	False	fib	sens	1.5305429120053304	1.598303	0.0	16848	0	2.396484375
1	False	fib	uk	2.0135371610085713	2.091528	0.008366	16848	0	2.396484375
1	False	fib	wrap	3.4273170189990196	3.574098	0.0	16848	0	2.3642578125
1	False	fib	en	2.044581683992874	2.06325	0.0	16848	0	2.3642578125
1	False	loop	sens	1.8765256100014085	1.8536899999999998	0.0	16848	0	2.3349609375
1	False	loop	uk	2.397913126013009	2.517728	0.0	16848	0	2.3349609375
1	False	loop	wrap	3.90930564799055	4.1560880000000004	0.0	16848	0	2.388671875
1	False	loop	en	2.185201923988643	2.378541	0.0	16848	0	2.27734375
1	False	lists	sens	2.0954614850052167	2.280113	0.0	16848	0	2.27734375
1	False	lists	uk	2.466825201001484	2.64368	0.0	16848	0	2.27734375
1	False	lists	wrap	5.102813111996511	5.352565	0.004271	16848	0	2.1748046875
1	False	lists	en	2.671341138993739	2.779139	0.004223	16848	0	2.08056640625
1	False	member	sens	3.2408992599957855	3.3531079999999998	0.016807	16848	0	2.08056640625
1	False	member	uk	4.30995846199221	4.505218	0.017598	16848	0	1.99365234375
1	False	member	wrap	10.03954822999367	10.327944	0.107025	16848	0	1.9140625
1	False	member	en	5.724801181000657	5.810641	0.064205	16848	0	2.54296875
1	False	closures	sens	2.551847683993401	2.444832	0.098824	16848	0	2.73974609375
1	False	closures	uk	2.8963636359985685	3.001592	0.030144999999999998	16848	0	2.7607421875
1	False	closures	wrap	4.564202092005871	4.689867	0.07078999999999999	16848	0	2.7607421875
1	False	closures	en	2.873270901996875	2.930187	0.029811999999999998	16848	0	2.69970703125
2	False	empty	-	0.7741442549886415	0.80382	0.004186	16848	0	2.96435546875
2	False	fib	uk	2.6930399389966624	2.805599	0.022230999999999997	16848	0	2.96435546875
2	False	fib	wrap	5.930253237005672	5.774003	0.21503799999999998	16848	0	2.96435546875
2	False	fib	en	3.26776100799907	3.137884	0.13725199999999999	16848	0	3.81884765625
2	False	fib	sens	1.5365326590108452	1.617456	0.004223	16848	0	3.81884765625
2	False	loop	uk	2.388460361995385	2.510337	0.004219	16848	0	3.6728515625
2	False	loop	wrap	3.9643732980039204	4.174121	0.008449	16848	0	3.6728515625
2	False	loop	en	2.260972178002703	2.398765	0.0	16848	0	3.61865234375
2	False	loop	sens	1.8639450190094067	1.9753910000000001	0.0	16848	0	3.61865234375
2	False	lists	uk	2.5676213490078226	2.722017	0.004246	16848	0	3.40869140625
2	False	lists	wrap	6.0386380959971575	6.265404	0.061382	16848	0	3.40869140625
2	False	lists	en	3.6649716129904846	3.7596439999999998	0.035054	16848	0	3.21533203125
2	False	lists	sens	2.975132064006175	2.983853	0.033526	16848	0	3.3583984375
2	False	member	uk	4.946428903000196	4.9384049999999995	0.063204	16848	0	3.41015625
2	False	member	wrap	9.882502341002692	10.377927	0.104919	16848	0	3.45751953125
2	False	member	en	5.075191155003267	5.101387	0.08421	16848	0	3.1591796875
2	False	member	sens	5.129363315994851	5.186499	0.097606	16848	0	2.98583984375
2	False	closures	uk	4.60686389800685	4.491142	0.18193199999999998	16848	0	3.1474609375
2	False	closures	wrap	3.622036198998103	3.660619	0.0	16848	0	2.97509765625
2	False	closures	en	2.15626951601007	2.254502	0.00419	16848	0	2.97509765625
2	False	closures	sens	1.9653781000088202	2.028902	0.004235	16848	0	2.81689453125
3	False	empty	-	0.6164770140021574	0.656304	0.0	16848	0	2.81689453125
3	False	fib	wrap	4.016024229989853	4.279015	0.0	16848	0	2.81689453125
3	False	fib	en	2.471684758012998	2.6275589999999998	0.004468	16848	0	2.67138671875
3	False	fib	sens	2.1154906140000094	2.186575	0.026883999999999998	16848	0	2.537109375
3	False	fib	uk	2.401545972999884	2.578686	0.004378	16848	0	2.537109375
3	False	loop	wrap	5.428313458993216	5.602578	0.06601599999999999	16848	0	2.537109375
3	False	loop	en	4.9162363830109825	5.014099	0.082536	16848	0	2.4541015625
3	False	loop	sens	2.8052267610037234	2.773132	0.066768	16848	0	2.73828125
3	False	loop	uk	3.049550943003851	3.136856	0.038306	16848	0	2.73828125
3	False	lists	wrap	7.0589363949984545	7.090062	0.111549	16848	0	2.75927734375
3	False	lists	en	3.887856779008871	3.866904	0.09519899999999999	16848	0	2.6181640625
3	False	lists	sens	3.6620875199878355	3.698159	0.07978199999999999	16848	0	2.88916015625
3	False	lists	uk	4.3064334689988755	4.325981	0.095285	16848	0	3.298828125
3	False	member	wrap	7.2632218259968795	7.60698	0.0	16848	0	3.298828125
3	False	member	en	3.506901442000526	3.685999	0.0	16848	0	3.0185546875
3	False	member	sens	3.1875681069941493	3.345999	0.0	16848	0	2.8564453125
3	False	member	uk	3.632732430996839	3.811444	0.008404	16848	0	2.8564453125
3	False	closures	wrap	3.534101698998711	3.712576	0.008574	16848	0	2.8681640625
3	False	closures	en	2.1966617410071194	2.314867	0.0	16848	0	2.87890625
3	False	closures	sens	1.9445222999929683	2.041954	0.0	16848	0	2.87890625
3	False	closures	uk	2.242671211992274	2.367376	0.0	16848	0	2.80810546875
4	False	empty	-	0.6196377339947503	0.6513669999999999	0.0	16848	0	2.80810546875
4	False	fib	en	1.9947682400088524	2.096894	0.008472	16848	0	2.80810546875
4	False	fib	sens	1.5200036230089609	1.604598	0.0	16848	0	2.80810546875
4	False	fib	uk	2.0038141190016177	2.103384	0.0	16848	0	2.82373046875
4	False	fib	wrap	3.484038826005417	3.656277	0.004202	16848	0	2.82373046875
4	False	loop	en	2.336214025010122	2.452075	0.0	16848	0	2.67724609375
4	False	loop	sens	1.855310376995476	1.948242	0.0	16848	0	2.67724609375
4	False	loop	uk	2.613980089998222	2.74018	0.0	16848	0	2.54248046875
4	False	loop	wrap	4.266102000998217	4.476663	0.0	16848	0	2.54248046875
4	False	lists	en	2.5714228169963462	2.715128	0.0	16848	0	2.57958984375
4	False	lists	sens	2.159842438006308	2.283732	0.0	16848	0	2.693359375
4	False	lists	uk	2.7792768950021127	2.915988	0.0042499999999999994	16848	0	2.693359375
4	False	lists	wrap	4.817118606995791	5.109262	0.0	16848	0	2.5576171875
4	False	member	en	3.5895886040088953	3.811708	0.0	16848	0	2.4326171875
4	False	member	sens	3.943430161001743	3.958904	0.051806	16848	0	2.4326171875
4	False	member	uk	6.160082795002381	6.223227	0.06378099999999999	16848	0	2.31787109375
4	False	member	wrap	11.706617732997984	11.969511	0.182082	16848	0	2.2119140625
4	False	closures	en	3.919031023993739	3.831975	0.100463	16848	0	2.50390625
4	False	closures	sens	2.7695020139944972	2.806312	0.062460999999999996	16848	0	2.50390625
4	False	closures	uk	4.835797091000131	4.746408	0.155111	16848	0	2.46337890625
4	False	closures	wrap	5.975884195009712	6.017875	0.15223	16848	0	2.9072265625
5	False	empty	-	0.9407334989955416	0.9775689999999999	0.008612	16848	0	3.3955078125
5	False	fib	sens	3.7947370180045255	3.661923	0.126462	16848	0	3.3955078125
5	False	fib	uk	3.4666712160105817	3.5203189999999998	0.05479	16848	0	3.6044921875
5	False	fib	wrap	6.442201284997282	6.607134	0.128102	16848	0	3.4755859375
5	False	fib	en	3.8520086920034373	3.857284	0.170174	16848	0	3.27734375
5	False	loop	sens	3.647754192003049	3.610674	0.095576	16848	0	3.65576171875
5	False	loop	uk	3.8381516270019347	3.904359	0.120504	16848	0	3.52294921875
5	False	loop	wrap	8.59541824000189	8.432848	0.24170499999999998	16848	0	3.52294921875
5	False	loop	en	4.472339603002183	4.493594	0.064763	16848	0	3.5771484375
5	False	lists	sens	4.697783144001733	4.513815	0.209944	16848	0	3.37060546875
5	False	lists	uk	6.4187389699945925	6.169693	0.248638	16848	0	3.66162109375
5	False	lists	wrap	15.233479456001078	14.379129	0.9427789999999999	16848	0	3.84912109375
5	False	lists	en	7.883772961999057	6.770855	0.669434	16848	0	4.7177734375
5	False	member	sens	7.4055684600025415	7.004191	0.613889	16848	0	5.5849609375
5	False	member	uk	13.803421931006596	10.527306	1.140924	16848	0	5.2978515625
5	False	member	wrap	22.211638231005054	18.008168	2.576248	16848	0	5.20166015625
5	False	member	en	10.533761840997613	8.554108	1.3231169999999999	16848	0	5.6162109375
5	False	closures	sens	4.1921736169897486	3.975239	0.31889799999999996	16848	0	5.50390625
5	False	closures	uk	5.022706477000611	4.257607	0.397952	16848	0	5.50390625
5	False	closures	wrap	6.307909937997465	5.883586	0.313726	16848	0	5.6240234375
5	False	closures	en	3.2492685680044815	3.25619	0.10387199999999999	16848	0	5.14013671875
6	False	empty	-	0.8670497350103687	0.8367589999999999	0.039428	16848	0	5.14013671875
6	False	fib	uk	3.9327347509970423	3.462479	0.25381899999999996	16848	0	5.14013671875
6	False	fib	wrap	3.8720319580024807	4.020203	0.008598999999999999	16848	0	4.888671875
6	False	fib	en	1.9078452219982864	2.004816	0.0042109999999999995	16848	0	4.6572265625
6	False	fib	sens	1.5609534389950568	1.630154	0.008381	16848	0	4.6572265625
6	False	loop	uk	2.6823874110123143	2.753991	0.021481	16848	0	4.4443359375
6	False	loop	wrap	4.229821977001848	4.392785	0.016701999999999998	16848	0	4.4443359375
6	False	loop	en	2.5584551859938074	2.592072	0.0	16848	0	4.24853515625
6	False	loop	sens	1.9558901540003717	1.9501529999999998	0.004012	16848	0	3.98828125
6	False	lists	uk	2.822346002998529	2.834054	0.00406	16848	0	3.98828125
6	False	lists	wrap	5.033929071010789	5.392639	0.008621	16848	0	4.0693359375
6	False	lists	en	2.8372890680038836	3.067322	0.004497	16848	0	3.9833984375
6	False	lists	sens	2.5413765019911807	2.6820779999999997	0.022276	16848	0	3.9833984375
6	False	member	uk	3.869839667007909	4.176848	0.013052	16848	0	3.904296875
6	False	member	wrap	7.570058044992038	7.897225	0.038817	16848	0	3.904296875
6	False	member	en	4.0503016369912075	4.180672	0.004248	16848	0	3.53076171875
6	False	member	sens	3.677627877012128	3.535576	0.003972	16848	0	3.32763671875
6	False	closures	uk	2.4851072909950744	2.5190289999999997	0.008152	16848	0	3.14111328125
6	False	closures	wrap	3.5236955380096333	3.803398	0.022268	16848	0	3.14111328125
6	False	closures	en	2.230617599998368	2.468959	0.004464	16848	0	2.96923828125
6	False	closures	sens	1.774090350008919	1.968636	0.0	16848	0	2.96923828125
7	False	empty	-	0.7141919400019106	0.767713	0.0	16848	0	2.8916015625
7	False	fib	wrap	3.3788437899929704	3.625896	0.008643	16848	0	2.8916015625
7	False	fib	en	1.981895930992323	2.112006	0.004319	16848	0	2.8916015625
7	False	fib	sens	1.51461815800576	1.6263830000000001	0.0043479999999999994	16848	0	2.81982421875
7	False	fib	uk	2.0853281230083667	2.24991	0.0	16848	0	2.81982421875
7	False	loop	wrap	4.880762290005805	4.876822	0.012777	16848	0	2.81982421875
7	False	loop	en	2.600544966000598	2.638139	0.004138	16848	0	2.75390625
7	False	loop	sens	2.322734514993499	2.407673	0.013474999999999999	16848	0	2.693359375
7	False	loop	uk	2.462102441000752	2.584178	0.0	16848	0	2.693359375
7	False	lists	wrap	5.332818445007433	5.527558	0.04315	16848	0	2.5576171875
7	False	lists	en	2.8170576090051327	2.94531	0.008598999999999999	16848	0	2.4326171875
7	False	lists	sens	2.494085983998957	2.617474	0.0	16848	0	2.31787109375
7	False	lists	uk	2.7535442520020297	2.887989	0.0	16848	0	2.31787109375
7	False	member	wrap	7.850612545997137	8.223249	0.012895	16848	0	2.2119140625
7	False	member	en	3.951816584012704	4.13398	0.008584999999999999	16848	0	2.11474609375
7	False	member	sens	4.023713546004728	4.1711	0.013411	16848	0	2.18603515625
7	False	member	uk	4.068275815006928	4.267836	0.0	16848	0	2.41162109375
7	False	closures	wrap	3.5854509370110463	3.7347669999999997	0.021317	16848	0	2.458984375
7	False	closures	en	2.1619587099994533	2.265024	0.004194	16848	0	2.458984375
7	False	closures	sens	1.8093627280031797	1.895372	0.0	16848	0	2.341796875
7	False	closures	uk	2.7100537179940147	2.764347	0.026536999999999998	16848	0	2.341796875
