case	before_packed_scan_i_per_word	after_packed_scan_i_per_word	packed_scan_reduction_pct	before_decode_once_i_per_word	after_decode_once_i_per_word	decode_reduction_pct	before_cache_crossover_passes	after_cache_crossover_passes
w1	76.00047302246094	43.00048065185547	43.420772342894175	76.00897216796875	43.00901794433594	43.41586694621751	1.1516497621827997	1.3033014648644987
w2	102.00041961669922	53.00042724609375	48.03901057930876	102.00875854492188	53.00880432128906	48.03504612994047	1.1087905778991256	1.2327628911927688
w3	125.00045394897461	54.00046157836914	56.79978762284158	125.00875854492188	54.00880432128906	56.795983777503864	1.087032466649767	1.2274728254838423
w4	148.00041961669922	53.00042724609375	64.18900204245529	148.00875854492188	53.00880432128906	64.1853598108517	1.0725270579472874	1.2327628911927688
w5	171.00041961669922	55.00042724609375	67.83608638541456	171.00875854492188	55.00880432128906	67.832756176147	1.0621660511420514	1.2224178738064235
w6	194.0004539489746	55.00046157836914	71.64931294808456	194.00875854492188	55.00880432128906	71.64622631789481	1.0543952957159173	1.2224178738064235
w7	217.0004539489746	56.00046157836914	74.19338966381284	217.00875854492188	56.00880432128906	74.19053281681487	1.0483513746379862	1.2175827026367188
w8	238.0004539489746	50.00046157836914	78.99144276880715	238.00875854492188	50.00880432128906	78.98867057371321	1.0438979589999726	1.2502201080322266
d1234	119.00052261352539	53.0422477722168	55.42687829659321	119.00877380371094	53.05052185058594	55.42301617350862	1.0918232307702753	1.2325372893048807
mixed18	158.87543487548828	53.125389099121094	66.5616090110118	158.88375854492188	53.13380432128906	66.55806433086971	1.0672291124633821	1.2320882161458333
