case_id	candidate	operation	width	i_refs	i_refs_per_op	allocations	allocated_bytes	allocations_per_op	allocated_bytes_per_op	object_bytes	payload_bytes	spilled	prepare_i_refs	full_i_refs	reps	iters	git_sha	binary_sha	guix_channels_sha	cpu	valgrind_version
heap-eq-64	heap	eq	64	35734	71.468	0	0	0.000000	0.000	24	8	0	173681	209415	2	500	02811eb1826b233e12a000c548de7f3f0fa69dda	d7a23a463f1de5d91b21a31cf6bea8b74f7996d201c489349f894dcf46177ca6	ff4d6643b694497f06281d3e400d7609815d9e52d276220bf8d9484df522014a	Intel(R) Core(TM) i5-6400 CPU @ 2.70GHz	valgrind-3.27.0
heap-prefix-64	heap	prefix	64	711737	1423.474	0	0	0.000000	0.000	24	8	0	173677	885414	2	500	02811eb1826b233e12a000c548de7f3f0fa69dda	d7a23a463f1de5d91b21a31cf6bea8b74f7996d201c489349f894dcf46177ca6	ff4d6643b694497f06281d3e400d7609815d9e52d276220bf8d9484df522014a	Intel(R) Core(TM) i5-6400 CPU @ 2.70GHz	valgrind-3.27.0
heap-append-64	heap	append	64	1104288	2208.576	500	4500	1.000000	9.000	24	8	0	173677	1277965	2	500	02811eb1826b233e12a000c548de7f3f0fa69dda	d7a23a463f1de5d91b21a31cf6bea8b74f7996d201c489349f894dcf46177ca6	ff4d6643b694497f06281d3e400d7609815d9e52d276220bf8d9484df522014a	Intel(R) Core(TM) i5-6400 CPU @ 2.70GHz	valgrind-3.27.0
heap-eq-65	heap	eq	65	35734	71.468	0	0	0.000000	0.000	24	9	0	176065	211799	2	500	02811eb1826b233e12a000c548de7f3f0fa69dda	d7a23a463f1de5d91b21a31cf6bea8b74f7996d201c489349f894dcf46177ca6	ff4d6643b694497f06281d3e400d7609815d9e52d276220bf8d9484df522014a	Intel(R) Core(TM) i5-6400 CPU @ 2.70GHz	valgrind-3.27.0
heap-prefix-65	heap	prefix	65	721737	1443.474	0	0	0.000000	0.000	24	9	0	176061	897798	2	500	02811eb1826b233e12a000c548de7f3f0fa69dda	d7a23a463f1de5d91b21a31cf6bea8b74f7996d201c489349f894dcf46177ca6	ff4d6643b694497f06281d3e400d7609815d9e52d276220bf8d9484df522014a	Intel(R) Core(TM) i5-6400 CPU @ 2.70GHz	valgrind-3.27.0
heap-append-65	heap	append	65	1117288	2234.576	500	4500	1.000000	9.000	24	9	0	176061	1293349	2	500	02811eb1826b233e12a000c548de7f3f0fa69dda	d7a23a463f1de5d91b21a31cf6bea8b74f7996d201c489349f894dcf46177ca6	ff4d6643b694497f06281d3e400d7609815d9e52d276220bf8d9484df522014a	Intel(R) Core(TM) i5-6400 CPU @ 2.70GHz	valgrind-3.27.0
heap-eq-128	heap	eq	128	35721	71.442	0	0	0.000000	0.000	24	16	0	187378	223099	2	500	02811eb1826b233e12a000c548de7f3f0fa69dda	d7a23a463f1de5d91b21a31cf6bea8b74f7996d201c489349f894dcf46177ca6	ff4d6643b694497f06281d3e400d7609815d9e52d276220bf8d9484df522014a	Intel(R) Core(TM) i5-6400 CPU @ 2.70GHz	valgrind-3.27.0
heap-prefix-128	heap	prefix	128	1351728	2703.456	0	0	0.000000	0.000	24	16	0	187369	1539097	2	500	02811eb1826b233e12a000c548de7f3f0fa69dda	d7a23a463f1de5d91b21a31cf6bea8b74f7996d201c489349f894dcf46177ca6	ff4d6643b694497f06281d3e400d7609815d9e52d276220bf8d9484df522014a	Intel(R) Core(TM) i5-6400 CPU @ 2.70GHz	valgrind-3.27.0
heap-append-128	heap	append	128	1935307	3870.614	500	8500	1.000000	17.000	24	16	0	187369	2122676	2	500	02811eb1826b233e12a000c548de7f3f0fa69dda	d7a23a463f1de5d91b21a31cf6bea8b74f7996d201c489349f894dcf46177ca6	ff4d6643b694497f06281d3e400d7609815d9e52d276220bf8d9484df522014a	Intel(R) Core(TM) i5-6400 CPU @ 2.70GHz	valgrind-3.27.0
heap-eq-255	heap	eq	255	34721	69.442	0	0	0.000000	0.000	24	32	0	209469	244190	2	500	02811eb1826b233e12a000c548de7f3f0fa69dda	d7a23a463f1de5d91b21a31cf6bea8b74f7996d201c489349f894dcf46177ca6	ff4d6643b694497f06281d3e400d7609815d9e52d276220bf8d9484df522014a	Intel(R) Core(TM) i5-6400 CPU @ 2.70GHz	valgrind-3.27.0
heap-prefix-255	heap	prefix	255	2621728	5243.456	0	0	0.000000	0.000	24	32	0	209460	2831188	2	500	02811eb1826b233e12a000c548de7f3f0fa69dda	d7a23a463f1de5d91b21a31cf6bea8b74f7996d201c489349f894dcf46177ca6	ff4d6643b694497f06281d3e400d7609815d9e52d276220bf8d9484df522014a	Intel(R) Core(TM) i5-6400 CPU @ 2.70GHz	valgrind-3.27.0
heap-append-255	heap	append	255	3586823	7173.646	500	16000	1.000000	32.000	24	32	0	209460	3796283	2	500	02811eb1826b233e12a000c548de7f3f0fa69dda	d7a23a463f1de5d91b21a31cf6bea8b74f7996d201c489349f894dcf46177ca6	ff4d6643b694497f06281d3e400d7609815d9e52d276220bf8d9484df522014a	Intel(R) Core(TM) i5-6400 CPU @ 2.70GHz	valgrind-3.27.0
heap-eq-256	heap	eq	256	34721	69.442	0	0	0.000000	0.000	24	32	0	209630	244351	2	500	02811eb1826b233e12a000c548de7f3f0fa69dda	d7a23a463f1de5d91b21a31cf6bea8b74f7996d201c489349f894dcf46177ca6	ff4d6643b694497f06281d3e400d7609815d9e52d276220bf8d9484df522014a	Intel(R) Core(TM) i5-6400 CPU @ 2.70GHz	valgrind-3.27.0
heap-prefix-256	heap	prefix	256	2631728	5263.456	0	0	0.000000	0.000	24	32	0	209621	2841349	2	500	02811eb1826b233e12a000c548de7f3f0fa69dda	d7a23a463f1de5d91b21a31cf6bea8b74f7996d201c489349f894dcf46177ca6	ff4d6643b694497f06281d3e400d7609815d9e52d276220bf8d9484df522014a	Intel(R) Core(TM) i5-6400 CPU @ 2.70GHz	valgrind-3.27.0
heap-append-256	heap	append	256	3599823	7199.646	500	16500	1.000000	33.000	24	32	0	209621	3809444	2	500	02811eb1826b233e12a000c548de7f3f0fa69dda	d7a23a463f1de5d91b21a31cf6bea8b74f7996d201c489349f894dcf46177ca6	ff4d6643b694497f06281d3e400d7609815d9e52d276220bf8d9484df522014a	Intel(R) Core(TM) i5-6400 CPU @ 2.70GHz	valgrind-3.27.0
heap-eq-257	heap	eq	257	34721	69.442	0	0	0.000000	0.000	24	33	0	209841	244562	2	500	02811eb1826b233e12a000c548de7f3f0fa69dda	d7a23a463f1de5d91b21a31cf6bea8b74f7996d201c489349f894dcf46177ca6	ff4d6643b694497f06281d3e400d7609815d9e52d276220bf8d9484df522014a	Intel(R) Core(TM) i5-6400 CPU @ 2.70GHz	valgrind-3.27.0
heap-prefix-257	heap	prefix	257	2641728	5283.456	0	0	0.000000	0.000	24	33	0	209832	2851560	2	500	02811eb1826b233e12a000c548de7f3f0fa69dda	d7a23a463f1de5d91b21a31cf6bea8b74f7996d201c489349f894dcf46177ca6	ff4d6643b694497f06281d3e400d7609815d9e52d276220bf8d9484df522014a	Intel(R) Core(TM) i5-6400 CPU @ 2.70GHz	valgrind-3.27.0
heap-append-257	heap	append	257	3612823	7225.646	500	16500	1.000000	33.000	24	33	0	209832	3822655	2	500	02811eb1826b233e12a000c548de7f3f0fa69dda	d7a23a463f1de5d91b21a31cf6bea8b74f7996d201c489349f894dcf46177ca6	ff4d6643b694497f06281d3e400d7609815d9e52d276220bf8d9484df522014a	Intel(R) Core(TM) i5-6400 CPU @ 2.70GHz	valgrind-3.27.0
heap-eq-1024	heap	eq	1024	40708	81.416	0	0	0.000000	0.000	24	128	0	343389	384097	2	500	02811eb1826b233e12a000c548de7f3f0fa69dda	d7a23a463f1de5d91b21a31cf6bea8b74f7996d201c489349f894dcf46177ca6	ff4d6643b694497f06281d3e400d7609815d9e52d276220bf8d9484df522014a	Intel(R) Core(TM) i5-6400 CPU @ 2.70GHz	valgrind-3.27.0
heap-prefix-1024	heap	prefix	1024	10311708	20623.416	0	0	0.000000	0.000	24	128	0	343355	10655063	2	500	02811eb1826b233e12a000c548de7f3f0fa69dda	d7a23a463f1de5d91b21a31cf6bea8b74f7996d201c489349f894dcf46177ca6	ff4d6643b694497f06281d3e400d7609815d9e52d276220bf8d9484df522014a	Intel(R) Core(TM) i5-6400 CPU @ 2.70GHz	valgrind-3.27.0
heap-append-1024	heap	append	1024	13604838	27209.676	500	64500	1.000000	129.000	24	128	0	343355	13948193	2	500	02811eb1826b233e12a000c548de7f3f0fa69dda	d7a23a463f1de5d91b21a31cf6bea8b74f7996d201c489349f894dcf46177ca6	ff4d6643b694497f06281d3e400d7609815d9e52d276220bf8d9484df522014a	Intel(R) Core(TM) i5-6400 CPU @ 2.70GHz	valgrind-3.27.0
heap-eq-4096	heap	eq	4096	70708	141.416	0	0	0.000000	0.000	24	512	0	878453	949161	2	500	02811eb1826b233e12a000c548de7f3f0fa69dda	d7a23a463f1de5d91b21a31cf6bea8b74f7996d201c489349f894dcf46177ca6	ff4d6643b694497f06281d3e400d7609815d9e52d276220bf8d9484df522014a	Intel(R) Core(TM) i5-6400 CPU @ 2.70GHz	valgrind-3.27.0
heap-prefix-4096	heap	prefix	4096	41031708	82063.416	0	0	0.000000	0.000	24	512	0	878419	41910127	2	500	02811eb1826b233e12a000c548de7f3f0fa69dda	d7a23a463f1de5d91b21a31cf6bea8b74f7996d201c489349f894dcf46177ca6	ff4d6643b694497f06281d3e400d7609815d9e52d276220bf8d9484df522014a	Intel(R) Core(TM) i5-6400 CPU @ 2.70GHz	valgrind-3.27.0
heap-append-4096	heap	append	4096	53576349	107152.698	500	256500	1.000000	513.000	24	512	0	878419	54454768	2	500	02811eb1826b233e12a000c548de7f3f0fa69dda	d7a23a463f1de5d91b21a31cf6bea8b74f7996d201c489349f894dcf46177ca6	ff4d6643b694497f06281d3e400d7609815d9e52d276220bf8d9484df522014a	Intel(R) Core(TM) i5-6400 CPU @ 2.70GHz	valgrind-3.27.0
spill-eq-64	spill	eq	64	26224	52.448	0	0	0.000000	0.000	24	8	0	173569	199793	2	500	02811eb1826b233e12a000c548de7f3f0fa69dda	d7a23a463f1de5d91b21a31cf6bea8b74f7996d201c489349f894dcf46177ca6	ff4d6643b694497f06281d3e400d7609815d9e52d276220bf8d9484df522014a	Intel(R) Core(TM) i5-6400 CPU @ 2.70GHz	valgrind-3.27.0
spill-prefix-64	spill	prefix	64	902256	1804.512	0	0	0.000000	0.000	24	8	0	173534	1075790	2	500	02811eb1826b233e12a000c548de7f3f0fa69dda	d7a23a463f1de5d91b21a31cf6bea8b74f7996d201c489349f894dcf46177ca6	ff4d6643b694497f06281d3e400d7609815d9e52d276220bf8d9484df522014a	Intel(R) Core(TM) i5-6400 CPU @ 2.70GHz	valgrind-3.27.0
spill-append-64	spill	append	64	1109836	2219.672	500	4500	1.000000	9.000	24	8	0	173534	1283370	2	500	02811eb1826b233e12a000c548de7f3f0fa69dda	d7a23a463f1de5d91b21a31cf6bea8b74f7996d201c489349f894dcf46177ca6	ff4d6643b694497f06281d3e400d7609815d9e52d276220bf8d9484df522014a	Intel(R) Core(TM) i5-6400 CPU @ 2.70GHz	valgrind-3.27.0
spill-eq-65	spill	eq	65	38224	76.448	0	0	0.000000	0.000	24	9	1	176143	214367	2	500	02811eb1826b233e12a000c548de7f3f0fa69dda	d7a23a463f1de5d91b21a31cf6bea8b74f7996d201c489349f894dcf46177ca6	ff4d6643b694497f06281d3e400d7609815d9e52d276220bf8d9484df522014a	Intel(R) Core(TM) i5-6400 CPU @ 2.70GHz	valgrind-3.27.0
spill-prefix-65	spill	prefix	65	1207756	2415.512	0	0	0.000000	0.000	24	9	1	176108	1383864	2	500	02811eb1826b233e12a000c548de7f3f0fa69dda	d7a23a463f1de5d91b21a31cf6bea8b74f7996d201c489349f894dcf46177ca6	ff4d6643b694497f06281d3e400d7609815d9e52d276220bf8d9484df522014a	Intel(R) Core(TM) i5-6400 CPU @ 2.70GHz	valgrind-3.27.0
spill-append-65	spill	append	65	1220336	2440.672	500	4500	1.000000	9.000	24	9	1	176108	1396444	2	500	02811eb1826b233e12a000c548de7f3f0fa69dda	d7a23a463f1de5d91b21a31cf6bea8b74f7996d201c489349f894dcf46177ca6	ff4d6643b694497f06281d3e400d7609815d9e52d276220bf8d9484df522014a	Intel(R) Core(TM) i5-6400 CPU @ 2.70GHz	valgrind-3.27.0
spill-eq-128	spill	eq	128	38204	76.408	0	0	0.000000	0.000	24	16	1	187442	225646	2	500	02811eb1826b233e12a000c548de7f3f0fa69dda	d7a23a463f1de5d91b21a31cf6bea8b74f7996d201c489349f894dcf46177ca6	ff4d6643b694497f06281d3e400d7609815d9e52d276220bf8d9484df522014a	Intel(R) Core(TM) i5-6400 CPU @ 2.70GHz	valgrind-3.27.0
spill-prefix-128	spill	prefix	128	2310238	4620.476	0	0	0.000000	0.000	24	16	1	187404	2497642	2	500	02811eb1826b233e12a000c548de7f3f0fa69dda	d7a23a463f1de5d91b21a31cf6bea8b74f7996d201c489349f894dcf46177ca6	ff4d6643b694497f06281d3e400d7609815d9e52d276220bf8d9484df522014a	Intel(R) Core(TM) i5-6400 CPU @ 2.70GHz	valgrind-3.27.0
spill-append-128	spill	append	128	2132824	4265.648	500	8500	1.000000	17.000	24	16	1	187404	2320228	2	500	02811eb1826b233e12a000c548de7f3f0fa69dda	d7a23a463f1de5d91b21a31cf6bea8b74f7996d201c489349f894dcf46177ca6	ff4d6643b694497f06281d3e400d7609815d9e52d276220bf8d9484df522014a	Intel(R) Core(TM) i5-6400 CPU @ 2.70GHz	valgrind-3.27.0
spill-eq-255	spill	eq	255	37204	74.408	0	0	0.000000	0.000	24	32	1	209533	246737	2	500	02811eb1826b233e12a000c548de7f3f0fa69dda	d7a23a463f1de5d91b21a31cf6bea8b74f7996d201c489349f894dcf46177ca6	ff4d6643b694497f06281d3e400d7609815d9e52d276220bf8d9484df522014a	Intel(R) Core(TM) i5-6400 CPU @ 2.70GHz	valgrind-3.27.0
spill-prefix-255	spill	prefix	255	4532738	9065.476	0	0	0.000000	0.000	24	32	1	209495	4742233	2	500	02811eb1826b233e12a000c548de7f3f0fa69dda	d7a23a463f1de5d91b21a31cf6bea8b74f7996d201c489349f894dcf46177ca6	ff4d6643b694497f06281d3e400d7609815d9e52d276220bf8d9484df522014a	Intel(R) Core(TM) i5-6400 CPU @ 2.70GHz	valgrind-3.27.0
spill-append-255	spill	append	255	3974838	7949.676	500	16000	1.000000	32.000	24	32	1	209495	4184333	2	500	02811eb1826b233e12a000c548de7f3f0fa69dda	d7a23a463f1de5d91b21a31cf6bea8b74f7996d201c489349f894dcf46177ca6	ff4d6643b694497f06281d3e400d7609815d9e52d276220bf8d9484df522014a	Intel(R) Core(TM) i5-6400 CPU @ 2.70GHz	valgrind-3.27.0
spill-eq-256	spill	eq	256	37204	74.408	0	0	0.000000	0.000	24	32	1	209694	246898	2	500	02811eb1826b233e12a000c548de7f3f0fa69dda	d7a23a463f1de5d91b21a31cf6bea8b74f7996d201c489349f894dcf46177ca6	ff4d6643b694497f06281d3e400d7609815d9e52d276220bf8d9484df522014a	Intel(R) Core(TM) i5-6400 CPU @ 2.70GHz	valgrind-3.27.0
spill-prefix-256	spill	prefix	256	4550238	9100.476	0	0	0.000000	0.000	24	32	1	209656	4759894	2	500	02811eb1826b233e12a000c548de7f3f0fa69dda	d7a23a463f1de5d91b21a31cf6bea8b74f7996d201c489349f894dcf46177ca6	ff4d6643b694497f06281d3e400d7609815d9e52d276220bf8d9484df522014a	Intel(R) Core(TM) i5-6400 CPU @ 2.70GHz	valgrind-3.27.0
spill-append-256	spill	append	256	3989338	7978.676	500	16500	1.000000	33.000	24	32	1	209656	4198994	2	500	02811eb1826b233e12a000c548de7f3f0fa69dda	d7a23a463f1de5d91b21a31cf6bea8b74f7996d201c489349f894dcf46177ca6	ff4d6643b694497f06281d3e400d7609815d9e52d276220bf8d9484df522014a	Intel(R) Core(TM) i5-6400 CPU @ 2.70GHz	valgrind-3.27.0
spill-eq-257	spill	eq	257	37204	74.408	0	0	0.000000	0.000	24	33	1	209905	247109	2	500	02811eb1826b233e12a000c548de7f3f0fa69dda	d7a23a463f1de5d91b21a31cf6bea8b74f7996d201c489349f894dcf46177ca6	ff4d6643b694497f06281d3e400d7609815d9e52d276220bf8d9484df522014a	Intel(R) Core(TM) i5-6400 CPU @ 2.70GHz	valgrind-3.27.0
spill-prefix-257	spill	prefix	257	4567738	9135.476	0	0	0.000000	0.000	24	33	1	209867	4777605	2	500	02811eb1826b233e12a000c548de7f3f0fa69dda	d7a23a463f1de5d91b21a31cf6bea8b74f7996d201c489349f894dcf46177ca6	ff4d6643b694497f06281d3e400d7609815d9e52d276220bf8d9484df522014a	Intel(R) Core(TM) i5-6400 CPU @ 2.70GHz	valgrind-3.27.0
spill-append-257	spill	append	257	4003838	8007.676	500	16500	1.000000	33.000	24	33	1	209867	4213705	2	500	02811eb1826b233e12a000c548de7f3f0fa69dda	d7a23a463f1de5d91b21a31cf6bea8b74f7996d201c489349f894dcf46177ca6	ff4d6643b694497f06281d3e400d7609815d9e52d276220bf8d9484df522014a	Intel(R) Core(TM) i5-6400 CPU @ 2.70GHz	valgrind-3.27.0
spill-eq-1024	spill	eq	1024	43256	86.512	0	0	0.000000	0.000	24	128	1	343408	386664	2	500	02811eb1826b233e12a000c548de7f3f0fa69dda	d7a23a463f1de5d91b21a31cf6bea8b74f7996d201c489349f894dcf46177ca6	ff4d6643b694497f06281d3e400d7609815d9e52d276220bf8d9484df522014a	Intel(R) Core(TM) i5-6400 CPU @ 2.70GHz	valgrind-3.27.0
spill-prefix-1024	spill	prefix	1024	17990221	35980.442	0	0	0.000000	0.000	24	128	1	343436	18333657	2	500	02811eb1826b233e12a000c548de7f3f0fa69dda	d7a23a463f1de5d91b21a31cf6bea8b74f7996d201c489349f894dcf46177ca6	ff4d6643b694497f06281d3e400d7609815d9e52d276220bf8d9484df522014a	Intel(R) Core(TM) i5-6400 CPU @ 2.70GHz	valgrind-3.27.0
spill-append-1024	spill	append	1024	15146318	30292.636	500	64500	1.000000	129.000	24	128	1	343436	15489754	2	500	02811eb1826b233e12a000c548de7f3f0fa69dda	d7a23a463f1de5d91b21a31cf6bea8b74f7996d201c489349f894dcf46177ca6	ff4d6643b694497f06281d3e400d7609815d9e52d276220bf8d9484df522014a	Intel(R) Core(TM) i5-6400 CPU @ 2.70GHz	valgrind-3.27.0
spill-eq-4096	spill	eq	4096	73256	146.512	0	0	0.000000	0.000	24	512	1	878472	951728	2	500	02811eb1826b233e12a000c548de7f3f0fa69dda	d7a23a463f1de5d91b21a31cf6bea8b74f7996d201c489349f894dcf46177ca6	ff4d6643b694497f06281d3e400d7609815d9e52d276220bf8d9484df522014a	Intel(R) Core(TM) i5-6400 CPU @ 2.70GHz	valgrind-3.27.0
spill-prefix-4096	spill	prefix	4096	71750221	143500.442	0	0	0.000000	0.000	24	512	1	878500	72628721	2	500	02811eb1826b233e12a000c548de7f3f0fa69dda	d7a23a463f1de5d91b21a31cf6bea8b74f7996d201c489349f894dcf46177ca6	ff4d6643b694497f06281d3e400d7609815d9e52d276220bf8d9484df522014a	Intel(R) Core(TM) i5-6400 CPU @ 2.70GHz	valgrind-3.27.0
spill-append-4096	spill	append	4096	59725832	119451.664	500	256500	1.000000	513.000	24	512	1	878500	60604332	2	500	02811eb1826b233e12a000c548de7f3f0fa69dda	d7a23a463f1de5d91b21a31cf6bea8b74f7996d201c489349f894dcf46177ca6	ff4d6643b694497f06281d3e400d7609815d9e52d276220bf8d9484df522014a	Intel(R) Core(TM) i5-6400 CPU @ 2.70GHz	valgrind-3.27.0
