claim_id	statement	status	assumptions	scope	positive_witness	attempted_falsifiers	surviving_counterexamples	upgrade_condition	downgrade_condition	refs
D1-predicate-bits	Predicate answers are exact bits: 0=NO, 1=YES	premise	Owner control model; PredicateBit runtime path	Canonical control path post-#1713/#1807 donor	contracts/core4-predicate-answer-*; ATOM/EQ → bit	Treating () as FALSE	() is structural exhaustion not PredicateBit 0	Independent formalization of truth lattice + corpus	If COND accepts non-bit truthiness again	#1961 #1713
racana2-structure	Structural words: 00 sep, 10 open, 01 close, 11 dot	premise	Bounded source grammar research	Domain-graph source model only; not production reader	#1961 authority text; framing separation docs	Using 11 as transport escape	Would steal dot from language	Executable source grammar + unique decode with racanā2 intact	If production reader assigns different codes	#1961 #1971
word-boundaries-explicit	Source is sequence of already-bounded binary words; internal 00 does not split a word	premise	Separation semantic≠source≠wire	Research model #1961/#1971	Framing witnesses; unique-decode scripts	In-band 00 delimiter for packed wire	#1980 zero-pad / in-band delimiter falsifiers	Full corpus round-trip + production reader admission	If decoder treats payload 00 as boundary	#1961 #1971 #1980
bija3-seed	Eight 3-bit seeds: NIL QUOTE ATOM EQ CONS CAR CDR COND	premise	Inherited from bounded Lisp I/1.5 control corpus	Research seed only; not theorem of minimality	#1962 corpus; #2019 pressure maps	#2019 alternative-basis / minimality campaign	None proven yet; absence of derivation ≠ independence	Executable derivation or replacement basis + blind WSM	If treated as proven minimal ontology without proof	#1961 #2019 #2018
car-cdr-local-generator	Inside CAR/CDR family, append bit 0/1 is executable composition (suffix program)	witness	bīja3 hosts roots 101/110; typed composition	Selector family only; depths measured in benches	#1975/#1988 harnesses; graph DAG #2008; transducer drafts	Generalize to all seeds; hash-cache needed for variable-width	Generalization fails; cache not required	Compiler IR path + full family certificates	If reconstructed schedule diverges from oracle	#1961 #1975 #1988 #2008
prefix-lineage-not-semantics	Word boundary ≠ prefix lineage ≠ semantic derivation	witness	Typed relation discipline	All domain-graph work	#1961 text; #1966 path vs semantic ledger	Treating any prefix edge as semantic-identical	Would collapse non-identical meanings	Remains law while any counterexample of false collapse exists	If a family proves injectivity path→meaning	#1961 #1966 #1967
hamming1-not-authority	Global same-width Hamming-1 adjacency is not semantic authority	falsified	Same-width neighbor graph	Bounded seed + selector models	#2008 density 0.43; orthogonal to prefix edges	N/A — already counterexemplified	Cube incomplete; Hamming≠prefix-gen	Only if new geometry matches typed executable relations	N/A	#1961 #2008 #2017
flat-256-peer-ontology	All function identities are peer slots in a flat 256×8 table as semantic axiom	falsified_as_axiom	Historical Function8 mechanism	Semantic authority claim (mechanism may remain)	#1970 inventory; selector compression	N/A for axiom form	Mechanism may survive as compatibility/backend	Re-prove as semantic necessity under attack	Calling mechanism a semantic theorem without proof	#1961 #1970
zero-pad-eos	Plain zero-padding is a safe end-of-stream for variable-width words	falsified	Packed bitstreams	Bounded exhaustive #1980	Misread counts A/B	N/A	Thousands of misreads	Only with different envelope that invalidates counterexamples	N/A	#1980 #1971
cond-and-or-from-111x	Allocate 1110/1111 as PredicateBit AND/OR via COND specialization	falsified	Current () ≠ 0 law; two-part COND	Bounded truth tables #1986	AND/OR rows returning () not 0	N/A	Multiple truth-table failures	New law that produces actual 0/1 without multi-root patch	N/A	#1968 #1986
one-off-generator-economy	Any semantically valid local law earns a prefix bit	falsified_as_policy	Economy proof required	Generator admission	#1973 economy ratio; #2001 utilisation thresholds	N/A	ATOM→NULL style ratio ≤1 weak	Open family with measured row deletion >> rule size	Allocating prefix without economy proof	#1973 #2001 #1968
