candidate	result	detail
C1_host_constants_only	not_equivalent	weaker language — no compound literals
C2_cons_inert_marker	smuggle_fail	marker+eval special case is quote renamed
C3_reader_only_values	smuggle_fail	barrier moved to reader; capability remains
C4_fexpr_every_op	not_smaller	per-operator eval control expands basis
C5_macro_over_cons	smuggle_fail	expansion still needs non-eval phase
C6_no_universal_eval	out_of_scope	different language family
H_QUOTE_0_derivable_from_others	unsupported	all classical paths smuggle
H_QUOTE_1_phase_law_not_seed	conjecture_open	capability relocated not eliminated
H_QUOTE_2_capability_distinct	best_fit	packaging negotiable; control not eliminable
status_lock	premise	001 QUOTE remains in bīja3 premise table
