artifact	scope	current_role	current_authority	target_role	can_delete_when	notes
knowledge/semantic-ownership.lisp::canon-car/canon-cdr	selector-roots	semantic-authority	00000101/00000110 are current canonical operation identities	compatibility-view + historical provenance for old 8-bit ids	new FunctionWord root identities are ratified and all consumers use exact checked projection	CAR/CDR semantic operations remain primitive; only old exact-8 identity sovereignty moves
crates/sens/src/eval/canon.rs::prim_00000101/prim_00000110	selector-roots	runtime-mechanism	implements CAR/CDR semantics behind current Sens8 dispatch	backend fast-path mechanism	never necessarily; may remain optimized projection	primitive mechanism is useful even after identity becomes width-neutral
crates/sens/src/eval/canon.rs::PRIMITIVE_TABLE[256]/SID_ROUTES	selector-roots	cache/dispatch-mechanism	packed-byte routing for current Sens8 roots	legacy fast projection	when no live legacy Sens8 consumer needs direct root dispatch	must not define the semantic universe
lib/function-table-mechanisms.lisp::car/cdr rows	selector-roots	debug/mechanism-description	describes evaluator mechanism for legacy SIDs	debug/display or generated mechanism view	after replacement tooling derives mechanism from canonical root proof	not semantic authority
lib/core.lisp::caar	selector-descendant	derived execution mechanism	pure-Lisp closure under legacy identity/surface	shadow oracle -> compatibility fixture -> deletion candidate	#2055/#2060 authoritative generator parity + rollback window complete	body is CAR(CAR(x)); no Rust primitive required
lib/core.lisp::cadr	selector-descendant	derived execution mechanism	pure-Lisp closure under legacy identity/surface	shadow oracle -> compatibility fixture -> deletion candidate	#2055/#2060 authoritative generator parity + rollback window complete	body is CAR(CDR(x)); keep semantic distinction from ordinal second
lib/core.lisp::cddr	selector-descendant	derived execution mechanism	pure-Lisp closure under legacy identity/surface	shadow oracle -> compatibility fixture -> deletion candidate	#2055/#2060 authoritative generator parity + rollback window complete	body is CDR(CDR(x))
lib/core.lisp::cadddr alias to fourth	selector-descendant	derived alias mechanism	name binds to same closure object as fourth under current Lisp environment	compatibility surface projection -> deletion candidate	canonical structural selector path executes directly and cadddr surface resolves without alias closure	must not imply semantic quotient with ordinal fourth merely because mechanism is shared
lib/surface/semantic-registry.lisp::00110011..00110110	selector-descendant	semantic-authority(identity/surface)	legacy exact-8 IDs own admitted surfaces	compatibility-view during shadow; later surface projection onto canonical variable-width words	registry schema supports FunctionWord keys and rollback gate passes	old rows should cease semantic sovereignty before descendant mechanisms are deleted
crates/sens/src/semantic_registry_generated.rs::selector rows	selector-descendant	generated projection	generated exact-8 surface map	generated compatibility/debug projection	regenerated from width-neutral registry schema	never independent authority
lib/generated/function-table.lisp::selector rows	selector-descendant	generated projection	generated identity/surface documentation	generated compatibility/debug projection	regenerated or replaced after authority transfer	must not be used as semantic source of truth
contracts/primitive-budget-audit-734.lisp::selector rows	selector-descendant	historical-donor/evidence	classifies descendants as derived and reclaim candidates	historical-donor/evidence	retain as provenance unless superseded document is archived	useful evidence, not execution authority
knowledge/function-table-sculpt-audit.lisp::selector rows	selector-descendant	historical-donor/evidence	states pure-Lisp definition exists and backend primitive is unnecessary	historical-donor/evidence	retain as provenance	already argues against primitive status from SID ownership
crates/sens/tests/data/non-sens-code-baseline.tsv::selector rows	selector-descendant	test-fixture	observes Lisp-closure/surface behavior under current layout	compatibility/conformance fixture	updated after authority transfer and old-route deletion	must not ratify old exact-8 identity by fixture inertia
docs/generated/function-table.md::selector rows	selector-descendant	debug/display	generated human-readable mechanism/identity projection	debug/display	regenerated after migration	no semantic authority
docs/architecture/PRIMITIVE-ADMISSION-AUDIT-747*.md	selector-descendant	historical-donor/evidence	records derived/reclaim classification	historical-donor/evidence	retain or supersede explicitly	no runtime authority
cml:src/compiler.rs::00110011..00110101 explicit branches	selector-descendant	downstream mechanism	legacy-SID-specific direct compiler mechanisms	compiled proof/path mechanism	cml#397/#2058 parity proves generic selector recipe and rollback closes	delete descendant-specific SID branches; retain primitive CAR/CDR lowering
cml:src/c_backend.rs::selector SID special cases	selector-descendant	downstream mechanism	legacy-SID-specific C lowering	compiled proof/path mechanism	generic proof lowering produces identical C mechanism	no semantic authority
cml:src/x86_freestanding.rs::selector SID special cases	selector-descendant	downstream mechanism	legacy-SID-specific x86 lowering	compiled proof/path mechanism	cml#397/#2058 generated schedule matches and benchmarks pass	strong deletion target
cml:src/ir.rs::PrimOp Caar/Cadr/Cddr/Cadddr/Caddr	selector-descendant	compiler-IR mechanism	dedicated descendant vocabulary	ordinary primitive chain or compact recipe	cml#400/#2058 proves dedicated IR adds no needed provenance/performance	delete only if ordinary IR/recipe preserves diagnostics and performance
cml:src/lower.rs::name-special caddr	selector-descendant	compatibility mechanism	human-name special case because caddr has no canonical legacy SID	canonical FunctionWord/proof projection	canonical caddr path is admitted and compiler consumes it without name lookup	especially valuable deletion because it removes name-keyed mechanism
cml:contracts/mylisp-cml-export.lisp::selector rows	selector-descendant	compatibility-view	pinned legacy registry identities/surfaces	versioned canonical identity projection	upstream export schema supports variable-width selector identities	consumer copy must never outrank SENS authority
