proposal_id	surface_uk	surface_ukr	semantic_name	semantic_law	width	donor_provenance	dedup_check	ownership_test	blocked_source	status	ratified
D10P-0006	додати-факт!	додати-факт!	assert-fact!	Додає факт у робочу памʼять (working memory) зі зміною стану.	D10	juv4uk/sens@3335d09015cb8c96d4e2ed96f8d1339b4eb4f984:lib/forward.lisp:62	D1-D9@09d1d71c39d1484dfd005a5068dbb18b76f0f0d4=NO-MATCH;D10@73dd518469f972c55411e004b70b054ba8b3ec86=NO-MATCH	UNIVERSAL-BORDER: доведений закон прямого виведення/обґрунтування (TMS), незалежний від субстрату; не host/IO	NONE	pending-review	0
D10P-0007	запустити-правило	запустити-правило	fire-rule	Запускає ОДНЕ правило проти ОДНОГО факту: уніфікує pattern, підставляє зв'язки у template, повертає новий факт або () якщо не збіглось.	D10	juv4uk/sens@3335d09015cb8c96d4e2ed96f8d1339b4eb4f984:lib/forward.lisp:70	D1-D9@09d1d71c39d1484dfd005a5068dbb18b76f0f0d4=NO-MATCH;D10@73dd518469f972c55411e004b70b054ba8b3ec86=NO-MATCH	UNIVERSAL-BORDER: доведений закон прямого виведення/обґрунтування (TMS), незалежний від субстрату; не host/IO	NONE	pending-review	0
D10P-0008	запустити-правило-на-фактах	запустити-правило-на-фактах	fire-rule-on-facts	Запускає правило на списку фактів, повертаючи перший виведений факт.	D10	juv4uk/sens@3335d09015cb8c96d4e2ed96f8d1339b4eb4f984:lib/forward.lisp:107	D1-D9@09d1d71c39d1484dfd005a5068dbb18b76f0f0d4=NO-MATCH;D10@73dd518469f972c55411e004b70b054ba8b3ec86=NO-MATCH	UNIVERSAL-BORDER: доведений закон прямого виведення/обґрунтування (TMS), незалежний від субстрату; не host/IO	NONE	pending-review	0
D10P-0009	запустити-правило-на-памʼяті	запустити-правило-на-памʼяті	fire-rule-on-working-memory	Запускає правило проти робочої памʼяті фактів (working memory).	D10	juv4uk/sens@3335d09015cb8c96d4e2ed96f8d1339b4eb4f984:lib/forward.lisp:124	D1-D9@09d1d71c39d1484dfd005a5068dbb18b76f0f0d4=NO-MATCH;D10@73dd518469f972c55411e004b70b054ba8b3ec86=NO-MATCH	UNIVERSAL-BORDER: доведений закон прямого виведення/обґрунтування (TMS), незалежний від субстрату; не host/IO	NONE	pending-review	0
D10P-0010	запустити-правила-на-фактах	запустити-правила-на-фактах	fire-rules-on-facts	Запускає всі правила на списку фактів (один крок виведення).	D10	juv4uk/sens@3335d09015cb8c96d4e2ed96f8d1339b4eb4f984:lib/forward.lisp:146	D1-D9@09d1d71c39d1484dfd005a5068dbb18b76f0f0d4=NO-MATCH;D10@73dd518469f972c55411e004b70b054ba8b3ec86=NO-MATCH	UNIVERSAL-BORDER: доведений закон прямого виведення/обґрунтування (TMS), незалежний від субстрату; не host/IO	NONE	pending-review	0
D10P-0011	запустити-правила-на-памʼяті	запустити-правила-на-памʼяті	fire-rules-on-working-memory	Запускає всі правила проти робочої памʼяті (один крок).	D10	juv4uk/sens@3335d09015cb8c96d4e2ed96f8d1339b4eb4f984:lib/forward.lisp:154	D1-D9@09d1d71c39d1484dfd005a5068dbb18b76f0f0d4=NO-MATCH;D10@73dd518469f972c55411e004b70b054ba8b3ec86=NO-MATCH	UNIVERSAL-BORDER: доведений закон прямого виведення/обґрунтування (TMS), незалежний від субстрату; не host/IO	NONE	pending-review	0
D10P-0012	додати-нове	додати-нове	append-new	Додає елемент, лише якщо його ще немає у списку.	D10	juv4uk/sens@3335d09015cb8c96d4e2ed96f8d1339b4eb4f984:lib/forward.lisp:198	D1-D9@09d1d71c39d1484dfd005a5068dbb18b76f0f0d4=NO-MATCH;D10@73dd518469f972c55411e004b70b054ba8b3ec86=NO-MATCH	UNIVERSAL-BORDER: доведений закон прямого виведення/обґрунтування (TMS), незалежний від субстрату; не host/IO	NONE	pending-review	0
D10P-0013	запустити	запустити	run	Поведінка визначена джерелом forward.lisp:206 (run).	D10	juv4uk/sens@3335d09015cb8c96d4e2ed96f8d1339b4eb4f984:lib/forward.lisp:206	D1-D9@09d1d71c39d1484dfd005a5068dbb18b76f0f0d4=NO-MATCH;D10@73dd518469f972c55411e004b70b054ba8b3ec86=NO-MATCH	UNIVERSAL-BORDER: доведений закон прямого виведення/обґрунтування (TMS), незалежний від субстрату; не host/IO	NONE	pending-review	0
D10P-0014	додати-факти!	додати-факти!	assert-facts!	Додає список фактів у робочу памʼять.	D10	juv4uk/sens@3335d09015cb8c96d4e2ed96f8d1339b4eb4f984:lib/forward.lisp:213	D1-D9@09d1d71c39d1484dfd005a5068dbb18b76f0f0d4=NO-MATCH;D10@73dd518469f972c55411e004b70b054ba8b3ec86=NO-MATCH	UNIVERSAL-BORDER: доведений закон прямого виведення/обґрунтування (TMS), незалежний від субстрату; не host/IO	NONE	pending-review	0
D10P-0015	відкликати-факт	відкликати-факт	retract-fact	Повертає робочу памʼять без заданого факту (без зміни стану).	D10	juv4uk/sens@3335d09015cb8c96d4e2ed96f8d1339b4eb4f984:lib/forward.lisp:246	D1-D9@09d1d71c39d1484dfd005a5068dbb18b76f0f0d4=NO-MATCH;D10@73dd518469f972c55411e004b70b054ba8b3ec86=NO-MATCH	UNIVERSAL-BORDER: доведений закон прямого виведення/обґрунтування (TMS), незалежний від субстрату; не host/IO	NONE	pending-review	0
D10P-0016	відкликати-факт!	відкликати-факт!	retract-fact!	Відкликає факт із робочої памʼяті зі зміною стану.	D10	juv4uk/sens@3335d09015cb8c96d4e2ed96f8d1339b4eb4f984:lib/forward.lisp:254	D1-D9@09d1d71c39d1484dfd005a5068dbb18b76f0f0d4=NO-MATCH;D10@73dd518469f972c55411e004b70b054ba8b3ec86=NO-MATCH	UNIVERSAL-BORDER: доведений закон прямого виведення/обґрунтування (TMS), незалежний від субстрату; не host/IO	NONE	pending-review	0
D10P-0017	створити-обґрунтоване	створити-обґрунтоване	make-justified	Конструює обґрунтоване (fact . supports) — вузол TMS.	D10	juv4uk/sens@3335d09015cb8c96d4e2ed96f8d1339b4eb4f984:lib/forward.lisp:316	D1-D9@09d1d71c39d1484dfd005a5068dbb18b76f0f0d4=NO-MATCH;D10@73dd518469f972c55411e004b70b054ba8b3ec86=NO-MATCH	UNIVERSAL-BORDER: доведений закон прямого виведення/обґрунтування (TMS), незалежний від субстрату; не host/IO	NONE	pending-review	0
D10P-0018	fact	fact	fact	Поведінка визначена джерелом forward.lisp:318 (fact).	D10	juv4uk/sens@3335d09015cb8c96d4e2ed96f8d1339b4eb4f984:lib/forward.lisp:318	D1-D9@09d1d71c39d1484dfd005a5068dbb18b76f0f0d4=NO-MATCH;D10@73dd518469f972c55411e004b70b054ba8b3ec86=NO-MATCH	UNIVERSAL-BORDER: доведений закон прямого виведення/обґрунтування (TMS), незалежний від субстрату; не host/IO	NONE	pending-review	0
D10P-0019	факт-із-обґрунтування	факт-із-обґрунтування	fact-of	Повертає факт із обґрунтованого вузла.	D10	juv4uk/sens@3335d09015cb8c96d4e2ed96f8d1339b4eb4f984:lib/forward.lisp:320	D1-D9@09d1d71c39d1484dfd005a5068dbb18b76f0f0d4=NO-MATCH;D10@73dd518469f972c55411e004b70b054ba8b3ec86=NO-MATCH	UNIVERSAL-BORDER: доведений закон прямого виведення/обґрунтування (TMS), незалежний від субстрату; не host/IO	NONE	pending-review	0
D10P-0020	опори-обґрунтування	опори-обґрунтування	supports-of	Повертає список опор із обґрунтованого вузла.	D10	juv4uk/sens@3335d09015cb8c96d4e2ed96f8d1339b4eb4f984:lib/forward.lisp:321	D1-D9@09d1d71c39d1484dfd005a5068dbb18b76f0f0d4=NO-MATCH;D10@73dd518469f972c55411e004b70b054ba8b3ec86=NO-MATCH	UNIVERSAL-BORDER: доведений закон прямого виведення/обґрунтування (TMS), незалежний від субстрату; не host/IO	NONE	pending-review	0
D10P-0021	аксіома	аксіома	axiom	Створює аксіому: обґрунтоване з порожніми опорами.	D10	juv4uk/sens@3335d09015cb8c96d4e2ed96f8d1339b4eb4f984:lib/forward.lisp:322	D1-D9@09d1d71c39d1484dfd005a5068dbb18b76f0f0d4=NO-MATCH;D10@73dd518469f972c55411e004b70b054ba8b3ec86=NO-MATCH	UNIVERSAL-BORDER: доведений закон прямого виведення/обґрунтування (TMS), незалежний від субстрату; не host/IO	NONE	pending-review	0
D10P-0022	відобразити-факт	відобразити-факт	map-fact-of	Поведінка визначена джерелом forward.lisp:324 (map-fact-of).	D10	juv4uk/sens@3335d09015cb8c96d4e2ed96f8d1339b4eb4f984:lib/forward.lisp:324	D1-D9@09d1d71c39d1484dfd005a5068dbb18b76f0f0d4=NO-MATCH;D10@73dd518469f972c55411e004b70b054ba8b3ec86=NO-MATCH	UNIVERSAL-BORDER: доведений закон прямого виведення/обґрунтування (TMS), незалежний від субстрату; не host/IO	NONE	pending-review	0
D10P-0023	запустити-правило-tms	запустити-правило-tms	fire-rule-tms	Поведінка визначена джерелом forward.lisp:333 (fire-rule-tms).	D10	juv4uk/sens@3335d09015cb8c96d4e2ed96f8d1339b4eb4f984:lib/forward.lisp:333	D1-D9@09d1d71c39d1484dfd005a5068dbb18b76f0f0d4=NO-MATCH;D10@73dd518469f972c55411e004b70b054ba8b3ec86=NO-MATCH	UNIVERSAL-BORDER: доведений закон прямого виведення/обґрунтування (TMS), незалежний від субстрату; не host/IO	NONE	pending-review	0
D10P-0024	запустити-правило-на-фактах-tms	запустити-правило-на-фактах-tms	fire-rule-on-facts-tms	Поведінка визначена джерелом forward.lisp:345 (fire-rule-on-facts-tms).	D10	juv4uk/sens@3335d09015cb8c96d4e2ed96f8d1339b4eb4f984:lib/forward.lisp:345	D1-D9@09d1d71c39d1484dfd005a5068dbb18b76f0f0d4=NO-MATCH;D10@73dd518469f972c55411e004b70b054ba8b3ec86=NO-MATCH	UNIVERSAL-BORDER: доведений закон прямого виведення/обґрунтування (TMS), незалежний від субстрату; не host/IO	NONE	pending-review	0
D10P-0025	запустити-правила-на-фактах-tms	запустити-правила-на-фактах-tms	fire-rules-on-facts-tms	Поведінка визначена джерелом forward.lisp:356 (fire-rules-on-facts-tms).	D10	juv4uk/sens@3335d09015cb8c96d4e2ed96f8d1339b4eb4f984:lib/forward.lisp:356	D1-D9@09d1d71c39d1484dfd005a5068dbb18b76f0f0d4=NO-MATCH;D10@73dd518469f972c55411e004b70b054ba8b3ec86=NO-MATCH	UNIVERSAL-BORDER: доведений закон прямого виведення/обґрунтування (TMS), незалежний від субстрату; не host/IO	NONE	pending-review	0
D10P-0026	обґрунтований-член?	обґрунтований-член?	justified-member?	Істина, якщо факт присутній серед обґрунтованих.	D10	juv4uk/sens@3335d09015cb8c96d4e2ed96f8d1339b4eb4f984:lib/forward.lisp:364	D1-D9@09d1d71c39d1484dfd005a5068dbb18b76f0f0d4=NO-MATCH;D10@73dd518469f972c55411e004b70b054ba8b3ec86=NO-MATCH	UNIVERSAL-BORDER: доведений закон прямого виведення/обґрунтування (TMS), незалежний від субстрату; не host/IO	NONE	pending-review	0
D10P-0027	додати-нове-обґрунтоване	додати-нове-обґрунтоване	add-new-justified	Додає обґрунтоване, якщо такого ще немає (дедуп за фактом).	D10	juv4uk/sens@3335d09015cb8c96d4e2ed96f8d1339b4eb4f984:lib/forward.lisp:372	D1-D9@09d1d71c39d1484dfd005a5068dbb18b76f0f0d4=NO-MATCH;D10@73dd518469f972c55411e004b70b054ba8b3ec86=NO-MATCH	UNIVERSAL-BORDER: доведений закон прямого виведення/обґрунтування (TMS), незалежний від субстрату; не host/IO	NONE	pending-review	0
D10P-0028	запустити-tms	запустити-tms	run-tms	Запускає крок виведення з підтримкою обґрунтувань (TMS).	D10	juv4uk/sens@3335d09015cb8c96d4e2ed96f8d1339b4eb4f984:lib/forward.lisp:382	D1-D9@09d1d71c39d1484dfd005a5068dbb18b76f0f0d4=NO-MATCH;D10@73dd518469f972c55411e004b70b054ba8b3ec86=NO-MATCH	UNIVERSAL-BORDER: доведений закон прямого виведення/обґрунтування (TMS), незалежний від субстрату; не host/IO	NONE	pending-review	0
D10P-0029	додати-факт-tms!	додати-факт-tms!	assert-fact-tms!	Поведінка визначена джерелом forward.lisp:392 (assert-fact-tms!).	D10	juv4uk/sens@3335d09015cb8c96d4e2ed96f8d1339b4eb4f984:lib/forward.lisp:392	D1-D9@09d1d71c39d1484dfd005a5068dbb18b76f0f0d4=NO-MATCH;D10@73dd518469f972c55411e004b70b054ba8b3ec86=NO-MATCH	UNIVERSAL-BORDER: доведений закон прямого виведення/обґрунтування (TMS), незалежний від субстрату; не host/IO	NONE	pending-review	0
D10P-0030	запустити-tms!	запустити-tms!	run-tms!	Поведінка визначена джерелом forward.lisp:395 (run-tms!).	D10	juv4uk/sens@3335d09015cb8c96d4e2ed96f8d1339b4eb4f984:lib/forward.lisp:395	D1-D9@09d1d71c39d1484dfd005a5068dbb18b76f0f0d4=NO-MATCH;D10@73dd518469f972c55411e004b70b054ba8b3ec86=NO-MATCH	UNIVERSAL-BORDER: доведений закон прямого виведення/обґрунтування (TMS), незалежний від субстрату; не host/IO	NONE	pending-review	0
D10P-0031	вилучити-обґрунтоване	вилучити-обґрунтоване	remove-justified	Вилучає обґрунтоване зі сховища TMS.	D10	juv4uk/sens@3335d09015cb8c96d4e2ed96f8d1339b4eb4f984:lib/forward.lisp:398	D1-D9@09d1d71c39d1484dfd005a5068dbb18b76f0f0d4=NO-MATCH;D10@73dd518469f972c55411e004b70b054ba8b3ec86=NO-MATCH	UNIVERSAL-BORDER: доведений закон прямого виведення/обґрунтування (TMS), незалежний від субстрату; не host/IO	NONE	pending-review	0
D10P-0032	залежні-від	залежні-від	dependents-of	Повертає обґрунтовані, що спираються на заданий факт.	D10	juv4uk/sens@3335d09015cb8c96d4e2ed96f8d1339b4eb4f984:lib/forward.lisp:406	D1-D9@09d1d71c39d1484dfd005a5068dbb18b76f0f0d4=NO-MATCH;D10@73dd518469f972c55411e004b70b054ba8b3ec86=NO-MATCH	UNIVERSAL-BORDER: доведений закон прямого виведення/обґрунтування (TMS), незалежний від субстрату; не host/IO	NONE	pending-review	0
D10P-0033	відкликати-факт-tms	відкликати-факт-tms	retract-fact-tms	Відкликає факт із TMS, каскадно прибираючи залежні обґрунтування.	D10	juv4uk/sens@3335d09015cb8c96d4e2ed96f8d1339b4eb4f984:lib/forward.lisp:417	D1-D9@09d1d71c39d1484dfd005a5068dbb18b76f0f0d4=NO-MATCH;D10@73dd518469f972c55411e004b70b054ba8b3ec86=NO-MATCH	UNIVERSAL-BORDER: доведений закон прямого виведення/обґрунтування (TMS), незалежний від субстрату; не host/IO	NONE	pending-review	0
D10P-0034	відкликати-факти-tms	відкликати-факти-tms	retract-facts-tms	Поведінка визначена джерелом forward.lisp:421 (retract-facts-tms).	D10	juv4uk/sens@3335d09015cb8c96d4e2ed96f8d1339b4eb4f984:lib/forward.lisp:421	D1-D9@09d1d71c39d1484dfd005a5068dbb18b76f0f0d4=NO-MATCH;D10@73dd518469f972c55411e004b70b054ba8b3ec86=NO-MATCH	UNIVERSAL-BORDER: доведений закон прямого виведення/обґрунтування (TMS), незалежний від субстрату; не host/IO	NONE	pending-review	0
D10P-0035	відкликати-факт-tms!	відкликати-факт-tms!	retract-fact-tms!	Поведінка визначена джерелом forward.lisp:428 (retract-fact-tms!).	D10	juv4uk/sens@3335d09015cb8c96d4e2ed96f8d1339b4eb4f984:lib/forward.lisp:428	D1-D9@09d1d71c39d1484dfd005a5068dbb18b76f0f0d4=NO-MATCH;D10@73dd518469f972c55411e004b70b054ba8b3ec86=NO-MATCH	UNIVERSAL-BORDER: доведений закон прямого виведення/обґрунтування (TMS), незалежний від субстрату; не host/IO	NONE	pending-review	0
D10P-0036	justifications-of	justifications-of	justifications-of	Поведінка визначена джерелом forward.lisp:479 (justifications-of).	D10	juv4uk/sens@3335d09015cb8c96d4e2ed96f8d1339b4eb4f984:lib/forward.lisp:479	D1-D9@09d1d71c39d1484dfd005a5068dbb18b76f0f0d4=NO-MATCH;D10@73dd518469f972c55411e004b70b054ba8b3ec86=NO-MATCH	UNIVERSAL-BORDER: доведений закон прямого виведення/обґрунтування (TMS), незалежний від субстрату; не host/IO	NONE	pending-review	0
D10P-0037	fire-rule-jtms	fire-rule-jtms	fire-rule-jtms	Поведінка визначена джерелом forward.lisp:481 (fire-rule-jtms).	D10	juv4uk/sens@3335d09015cb8c96d4e2ed96f8d1339b4eb4f984:lib/forward.lisp:481	D1-D9@09d1d71c39d1484dfd005a5068dbb18b76f0f0d4=NO-MATCH;D10@73dd518469f972c55411e004b70b054ba8b3ec86=NO-MATCH	UNIVERSAL-BORDER: доведений закон прямого виведення/обґрунтування (TMS), незалежний від субстрату; не host/IO	NONE	pending-review	0
D10P-0038	fire-rule-on-facts-jtms	fire-rule-on-facts-jtms	fire-rule-on-facts-jtms	Поведінка визначена джерелом forward.lisp:493 (fire-rule-on-facts-jtms).	D10	juv4uk/sens@3335d09015cb8c96d4e2ed96f8d1339b4eb4f984:lib/forward.lisp:493	D1-D9@09d1d71c39d1484dfd005a5068dbb18b76f0f0d4=NO-MATCH;D10@73dd518469f972c55411e004b70b054ba8b3ec86=NO-MATCH	UNIVERSAL-BORDER: доведений закон прямого виведення/обґрунтування (TMS), незалежний від субстрату; не host/IO	NONE	pending-review	0
D10P-0039	fire-rules-on-facts-jtms	fire-rules-on-facts-jtms	fire-rules-on-facts-jtms	Поведінка визначена джерелом forward.lisp:504 (fire-rules-on-facts-jtms).	D10	juv4uk/sens@3335d09015cb8c96d4e2ed96f8d1339b4eb4f984:lib/forward.lisp:504	D1-D9@09d1d71c39d1484dfd005a5068dbb18b76f0f0d4=NO-MATCH;D10@73dd518469f972c55411e004b70b054ba8b3ec86=NO-MATCH	UNIVERSAL-BORDER: доведений закон прямого виведення/обґрунтування (TMS), незалежний від субстрату; не host/IO	NONE	pending-review	0
D10P-0040	find-entry	find-entry	find-entry	Поведінка визначена джерелом forward.lisp:512 (find-entry).	D10	juv4uk/sens@3335d09015cb8c96d4e2ed96f8d1339b4eb4f984:lib/forward.lisp:512	D1-D9@09d1d71c39d1484dfd005a5068dbb18b76f0f0d4=NO-MATCH;D10@73dd518469f972c55411e004b70b054ba8b3ec86=NO-MATCH	UNIVERSAL-BORDER: доведений закон прямого виведення/обґрунтування (TMS), незалежний від субстрату; не host/IO	NONE	pending-review	0
D10P-0041	remove-entry-jtms	remove-entry-jtms	remove-entry-jtms	Поведінка визначена джерелом forward.lisp:520 (remove-entry-jtms).	D10	juv4uk/sens@3335d09015cb8c96d4e2ed96f8d1339b4eb4f984:lib/forward.lisp:520	D1-D9@09d1d71c39d1484dfd005a5068dbb18b76f0f0d4=NO-MATCH;D10@73dd518469f972c55411e004b70b054ba8b3ec86=NO-MATCH	UNIVERSAL-BORDER: доведений закон прямого виведення/обґрунтування (TMS), незалежний від субстрату; не host/IO	NONE	pending-review	0
D10P-0042	add-justification	add-justification	add-justification	Поведінка визначена джерелом forward.lisp:532 (add-justification).	D10	juv4uk/sens@3335d09015cb8c96d4e2ed96f8d1339b4eb4f984:lib/forward.lisp:532	D1-D9@09d1d71c39d1484dfd005a5068dbb18b76f0f0d4=NO-MATCH;D10@73dd518469f972c55411e004b70b054ba8b3ec86=NO-MATCH	UNIVERSAL-BORDER: доведений закон прямого виведення/обґрунтування (TMS), незалежний від субстрату; не host/IO	NONE	pending-review	0
D10P-0043	add-new-entries-jtms	add-new-entries-jtms	add-new-entries-jtms	Поведінка визначена джерелом forward.lisp:542 (add-new-entries-jtms).	D10	juv4uk/sens@3335d09015cb8c96d4e2ed96f8d1339b4eb4f984:lib/forward.lisp:542	D1-D9@09d1d71c39d1484dfd005a5068dbb18b76f0f0d4=NO-MATCH;D10@73dd518469f972c55411e004b70b054ba8b3ec86=NO-MATCH	UNIVERSAL-BORDER: доведений закон прямого виведення/обґрунтування (TMS), незалежний від субстрату; не host/IO	NONE	pending-review	0
D10P-0044	new-entries	new-entries	new-entries	Поведінка визначена джерелом forward.lisp:548 (new-entries).	D10	juv4uk/sens@3335d09015cb8c96d4e2ed96f8d1339b4eb4f984:lib/forward.lisp:548	D1-D9@09d1d71c39d1484dfd005a5068dbb18b76f0f0d4=NO-MATCH;D10@73dd518469f972c55411e004b70b054ba8b3ec86=NO-MATCH	UNIVERSAL-BORDER: доведений закон прямого виведення/обґрунтування (TMS), незалежний від субстрату; не host/IO	NONE	pending-review	0
D10P-0045	run-jtms	run-jtms	run-jtms	Поведінка визначена джерелом forward.lisp:556 (run-jtms).	D10	juv4uk/sens@3335d09015cb8c96d4e2ed96f8d1339b4eb4f984:lib/forward.lisp:556	D1-D9@09d1d71c39d1484dfd005a5068dbb18b76f0f0d4=NO-MATCH;D10@73dd518469f972c55411e004b70b054ba8b3ec86=NO-MATCH	UNIVERSAL-BORDER: доведений закон прямого виведення/обґрунтування (TMS), незалежний від субстрату; не host/IO	NONE	pending-review	0
D10P-0046	assert-fact-jtms!	assert-fact-jtms!	assert-fact-jtms!	Поведінка визначена джерелом forward.lisp:565 (assert-fact-jtms!).	D10	juv4uk/sens@3335d09015cb8c96d4e2ed96f8d1339b4eb4f984:lib/forward.lisp:565	D1-D9@09d1d71c39d1484dfd005a5068dbb18b76f0f0d4=NO-MATCH;D10@73dd518469f972c55411e004b70b054ba8b3ec86=NO-MATCH	UNIVERSAL-BORDER: доведений закон прямого виведення/обґрунтування (TMS), незалежний від субстрату; не host/IO	NONE	pending-review	0
D10P-0047	run-jtms!	run-jtms!	run-jtms!	Поведінка визначена джерелом forward.lisp:568 (run-jtms!).	D10	juv4uk/sens@3335d09015cb8c96d4e2ed96f8d1339b4eb4f984:lib/forward.lisp:568	D1-D9@09d1d71c39d1484dfd005a5068dbb18b76f0f0d4=NO-MATCH;D10@73dd518469f972c55411e004b70b054ba8b3ec86=NO-MATCH	UNIVERSAL-BORDER: доведений закон прямого виведення/обґрунтування (TMS), незалежний від субстрату; не host/IO	NONE	pending-review	0
D10P-0048	map-apply-head-jtms	map-apply-head-jtms	map-apply-head-jtms	Поведінка визначена джерелом forward.lisp:690 (map-apply-head-jtms).	D10	juv4uk/sens@3335d09015cb8c96d4e2ed96f8d1339b4eb4f984:lib/forward.lisp:690	D1-D9@09d1d71c39d1484dfd005a5068dbb18b76f0f0d4=NO-MATCH;D10@73dd518469f972c55411e004b70b054ba8b3ec86=NO-MATCH	UNIVERSAL-BORDER: доведений закон прямого виведення/обґрунтування (TMS), незалежний від субстрату; не host/IO	NONE	pending-review	0
D10P-0049	fire-rule-jtms-multi	fire-rule-jtms-multi	fire-rule-jtms-multi	Поведінка визначена джерелом forward.lisp:698 (fire-rule-jtms-multi).	D10	juv4uk/sens@3335d09015cb8c96d4e2ed96f8d1339b4eb4f984:lib/forward.lisp:698	D1-D9@09d1d71c39d1484dfd005a5068dbb18b76f0f0d4=NO-MATCH;D10@73dd518469f972c55411e004b70b054ba8b3ec86=NO-MATCH	UNIVERSAL-BORDER: доведений закон прямого виведення/обґрунтування (TMS), незалежний від субстрату; не host/IO	NONE	pending-review	0
D10P-0050	fire-rules-jtms-multi	fire-rules-jtms-multi	fire-rules-jtms-multi	Поведінка визначена джерелом forward.lisp:702 (fire-rules-jtms-multi).	D10	juv4uk/sens@3335d09015cb8c96d4e2ed96f8d1339b4eb4f984:lib/forward.lisp:702	D1-D9@09d1d71c39d1484dfd005a5068dbb18b76f0f0d4=NO-MATCH;D10@73dd518469f972c55411e004b70b054ba8b3ec86=NO-MATCH	UNIVERSAL-BORDER: доведений закон прямого виведення/обґрунтування (TMS), незалежний від субстрату; не host/IO	NONE	pending-review	0
D10P-0051	run-jtms-multi	run-jtms-multi	run-jtms-multi	Поведінка визначена джерелом forward.lisp:710 (run-jtms-multi).	D10	juv4uk/sens@3335d09015cb8c96d4e2ed96f8d1339b4eb4f984:lib/forward.lisp:710	D1-D9@09d1d71c39d1484dfd005a5068dbb18b76f0f0d4=NO-MATCH;D10@73dd518469f972c55411e004b70b054ba8b3ec86=NO-MATCH	UNIVERSAL-BORDER: доведений закон прямого виведення/обґрунтування (TMS), незалежний від субстрату; не host/IO	NONE	pending-review	0
D10P-0052	run-jtms-multi!	run-jtms-multi!	run-jtms-multi!	Поведінка визначена джерелом forward.lisp:717 (run-jtms-multi!).	D10	juv4uk/sens@3335d09015cb8c96d4e2ed96f8d1339b4eb4f984:lib/forward.lisp:717	D1-D9@09d1d71c39d1484dfd005a5068dbb18b76f0f0d4=NO-MATCH;D10@73dd518469f972c55411e004b70b054ba8b3ec86=NO-MATCH	UNIVERSAL-BORDER: доведений закон прямого виведення/обґрунтування (TMS), незалежний від субстрату; не host/IO	NONE	pending-review	0
D10P-0053	prune-justifications	prune-justifications	prune-justifications	Поведінка визначена джерелом forward.lisp:720 (prune-justifications).	D10	juv4uk/sens@3335d09015cb8c96d4e2ed96f8d1339b4eb4f984:lib/forward.lisp:720	D1-D9@09d1d71c39d1484dfd005a5068dbb18b76f0f0d4=NO-MATCH;D10@73dd518469f972c55411e004b70b054ba8b3ec86=NO-MATCH	UNIVERSAL-BORDER: доведений закон прямого виведення/обґрунтування (TMS), незалежний від субстрату; не host/IO	NONE	pending-review	0
D10P-0054	prune-entry	prune-entry	prune-entry	Поведінка визначена джерелом forward.lisp:728 (prune-entry).	D10	juv4uk/sens@3335d09015cb8c96d4e2ed96f8d1339b4eb4f984:lib/forward.lisp:728	D1-D9@09d1d71c39d1484dfd005a5068dbb18b76f0f0d4=NO-MATCH;D10@73dd518469f972c55411e004b70b054ba8b3ec86=NO-MATCH	UNIVERSAL-BORDER: доведений закон прямого виведення/обґрунтування (TMS), незалежний від субстрату; не host/IO	NONE	pending-review	0
D10P-0055	prune-all-entries	prune-all-entries	prune-all-entries	Поведінка визначена джерелом forward.lisp:732 (prune-all-entries).	D10	juv4uk/sens@3335d09015cb8c96d4e2ed96f8d1339b4eb4f984:lib/forward.lisp:732	D1-D9@09d1d71c39d1484dfd005a5068dbb18b76f0f0d4=NO-MATCH;D10@73dd518469f972c55411e004b70b054ba8b3ec86=NO-MATCH	UNIVERSAL-BORDER: доведений закон прямого виведення/обґрунтування (TMS), незалежний від субстрату; не host/IO	NONE	pending-review	0
D10P-0056	unsupported-facts	unsupported-facts	unsupported-facts	Поведінка визначена джерелом forward.lisp:739 (unsupported-facts).	D10	juv4uk/sens@3335d09015cb8c96d4e2ed96f8d1339b4eb4f984:lib/forward.lisp:739	D1-D9@09d1d71c39d1484dfd005a5068dbb18b76f0f0d4=NO-MATCH;D10@73dd518469f972c55411e004b70b054ba8b3ec86=NO-MATCH	UNIVERSAL-BORDER: доведений закон прямого виведення/обґрунтування (TMS), незалежний від субстрату; не host/IO	NONE	pending-review	0
D10P-0057	drop-unsupported	drop-unsupported	drop-unsupported	Поведінка визначена джерелом forward.lisp:748 (drop-unsupported).	D10	juv4uk/sens@3335d09015cb8c96d4e2ed96f8d1339b4eb4f984:lib/forward.lisp:748	D1-D9@09d1d71c39d1484dfd005a5068dbb18b76f0f0d4=NO-MATCH;D10@73dd518469f972c55411e004b70b054ba8b3ec86=NO-MATCH	UNIVERSAL-BORDER: доведений закон прямого виведення/обґрунтування (TMS), незалежний від субстрату; не host/IO	NONE	pending-review	0
D10P-0058	retract-fact-jtms	retract-fact-jtms	retract-fact-jtms	Поведінка визначена джерелом forward.lisp:762 (retract-fact-jtms).	D10	juv4uk/sens@3335d09015cb8c96d4e2ed96f8d1339b4eb4f984:lib/forward.lisp:762	D1-D9@09d1d71c39d1484dfd005a5068dbb18b76f0f0d4=NO-MATCH;D10@73dd518469f972c55411e004b70b054ba8b3ec86=NO-MATCH	UNIVERSAL-BORDER: доведений закон прямого виведення/обґрунтування (TMS), незалежний від субстрату; не host/IO	NONE	pending-review	0
D10P-0059	retract-facts-jtms	retract-facts-jtms	retract-facts-jtms	Поведінка визначена джерелом forward.lisp:772 (retract-facts-jtms).	D10	juv4uk/sens@3335d09015cb8c96d4e2ed96f8d1339b4eb4f984:lib/forward.lisp:772	D1-D9@09d1d71c39d1484dfd005a5068dbb18b76f0f0d4=NO-MATCH;D10@73dd518469f972c55411e004b70b054ba8b3ec86=NO-MATCH	UNIVERSAL-BORDER: доведений закон прямого виведення/обґрунтування (TMS), незалежний від субстрату; не host/IO	NONE	pending-review	0
D10P-0060	retract-fact-jtms!	retract-fact-jtms!	retract-fact-jtms!	Поведінка визначена джерелом forward.lisp:779 (retract-fact-jtms!).	D10	juv4uk/sens@3335d09015cb8c96d4e2ed96f8d1339b4eb4f984:lib/forward.lisp:779	D1-D9@09d1d71c39d1484dfd005a5068dbb18b76f0f0d4=NO-MATCH;D10@73dd518469f972c55411e004b70b054ba8b3ec86=NO-MATCH	UNIVERSAL-BORDER: доведений закон прямого виведення/обґрунтування (TMS), незалежний від субстрату; не host/IO	NONE	pending-review	0
D10P-0061	bindings	bindings	bindings	Поведінка визначена джерелом forward.lisp:1086 (bindings).	D10	juv4uk/sens@3335d09015cb8c96d4e2ed96f8d1339b4eb4f984:lib/forward.lisp:1086	D1-D9@09d1d71c39d1484dfd005a5068dbb18b76f0f0d4=NO-MATCH;D10@73dd518469f972c55411e004b70b054ba8b3ec86=NO-MATCH	UNIVERSAL-BORDER: доведений закон прямого виведення/обґрунтування (TMS), незалежний від субстрату; не host/IO	NONE	pending-review	0
D10P-0062	bindings	bindings	bindings	Поведінка визначена джерелом forward.lisp:1219 (bindings).	D10	juv4uk/sens@3335d09015cb8c96d4e2ed96f8d1339b4eb4f984:lib/forward.lisp:1219	D1-D9@09d1d71c39d1484dfd005a5068dbb18b76f0f0d4=NO-MATCH;D10@73dd518469f972c55411e004b70b054ba8b3ec86=NO-MATCH	UNIVERSAL-BORDER: доведений закон прямого виведення/обґрунтування (TMS), незалежний від субстрату; не host/IO	NONE	pending-review	0
D10P-0063	map-apply-head	map-apply-head	map-apply-head	Поведінка визначена джерелом forward.lisp:1245 (map-apply-head).	D10	juv4uk/sens@3335d09015cb8c96d4e2ed96f8d1339b4eb4f984:lib/forward.lisp:1245	D1-D9@09d1d71c39d1484dfd005a5068dbb18b76f0f0d4=NO-MATCH;D10@73dd518469f972c55411e004b70b054ba8b3ec86=NO-MATCH	UNIVERSAL-BORDER: доведений закон прямого виведення/обґрунтування (TMS), незалежний від субстрату; не host/IO	NONE	pending-review	0
