identity	status_candidate	semantic_claim	dependencies	certificate_kind	certificate_ref	remove_one_ref	host_smuggling_check	proof_bytes	verify_i_refs	fact_ledger_refs	proof_scope
1000	generated	LIST behavior is reconstructed by admitted Lisp-owned program	LAMBDA,DEFINE	pure-lisp-variadic-lambda+constitutive-runtime	.github/workflows/d4-status-certificates.yml + tests/fixtures/d4-status-certificate-s0.lisp	-	PASS:no-host-capability-marker-in-proof-body; Lisp-owned execution evidence required	36	scripts/research-2364-d4-status-certificates.py,.github/workflows/d4-status-certificates.yml	#2156,#2304,#2351,#2364	current D4/Core1 bridge; residency does not imply primitiveness
1110	generated	LOOKUP behavior is reconstructed by admitted Lisp-owned program	EQ,COND,CAR,CDR,DEFINE	core1-lisp-body+s0-replay	.github/workflows/d4-status-certificates.yml + tests/fixtures/d4-status-certificate-s0.lisp	-	PASS:no-host-capability-marker-in-proof-body; Lisp-owned execution evidence required	370	scripts/research-2364-d4-status-certificates.py,.github/workflows/d4-status-certificates.yml	#2156,#2304,#2351,#2364	current D4/Core1 bridge; residency does not imply primitiveness
1111	generated	BIND behavior is reconstructed by admitted Lisp-owned program	EQ,COND,CONS,CAR,CDR,DEFINE	core1-lisp-body+s0-replay	.github/workflows/d4-status-certificates.yml + tests/fixtures/d4-status-certificate-s0.lisp	-	PASS:no-host-capability-marker-in-proof-body; Lisp-owned execution evidence required	515	scripts/research-2364-d4-status-certificates.py,.github/workflows/d4-status-certificates.yml	#2156,#2304,#2351,#2364	current D4/Core1 bridge; residency does not imply primitiveness
0000	generated	APPLY behavior is reconstructed by admitted Lisp-owned program	COND,LAMBDA,DEFINE	core1-lisp-body+s0-replay	.github/workflows/d4-status-certificates.yml + tests/fixtures/d4-status-certificate-s0.lisp	-	PASS:no-host-capability-marker-in-proof-body; Lisp-owned execution evidence required	293	scripts/research-2364-d4-status-certificates.py,.github/workflows/d4-status-certificates.yml	#2156,#2304,#2351,#2364	current D4/Core1 bridge; residency does not imply primitiveness
0001	generated	EVAL behavior is reconstructed by admitted Lisp-owned program	QUOTE,ATOM,EQ,COND,CAR,CDR,CONS,LAMBDA,DEFINE,LOOKUP,BIND,EVLIS,EVCON,APPLY	core1-lisp-body+s0-replay	.github/workflows/d4-status-certificates.yml + tests/fixtures/d4-status-certificate-s0.lisp	-	PASS:no-host-capability-marker-in-proof-body; Lisp-owned execution evidence required	1621	scripts/research-2364-d4-status-certificates.py,.github/workflows/d4-status-certificates.yml	#2156,#2304,#2351,#2364	current D4/Core1 bridge; residency does not imply primitiveness
0010	root	construct first-class lexical closure/application behavior	D1-D3	bounded-remove-one-necessity	.github/workflows/d4-status-certificates.yml	.github/workflows/d4-status-certificates.yml#remove-LAMBDA	PASS:necessity attacked inside Lisp-owned Core1 evaluator; S0 is explicit mechanism provenance	1819	tests/fixtures/core1-s0-witness.lisp,tests/fixtures/d4-status-certificate-s0.lisp	#2156,#2304,#2351,#2364	bounded-current-Core1-bootstrap; not a global algebraic independence theorem
0011	root	extend top-level global binding frame and enable recursive named definitions	D1-D3	bounded-remove-one-necessity	.github/workflows/d4-status-certificates.yml	.github/workflows/d4-status-certificates.yml#remove-DEFINE	PASS:necessity attacked inside Lisp-owned Core1 evaluator; S0 is explicit mechanism provenance	1252	tests/fixtures/core1-s0-witness.lisp,tests/fixtures/d4-status-certificate-s0.lisp	#2156,#2304,#2351,#2364	bounded-current-Core1-bootstrap; not a global algebraic independence theorem
0100	generated	NOT behavior is reconstructed by admitted Lisp-owned program	QUOTE,COND,LAMBDA,DEFINE	pure-lisp-prelude+s0-replay	.github/workflows/d4-status-certificates.yml + tests/fixtures/d4-status-certificate-s0.lisp	-	PASS:no-host-capability-marker-in-proof-body; Lisp-owned execution evidence required	112	scripts/research-2364-d4-status-certificates.py,.github/workflows/d4-status-certificates.yml	#2156,#2304,#2351,#2364	current D4/Core1 bridge; residency does not imply primitiveness
0110	generated	EVCON behavior is reconstructed by admitted Lisp-owned program	EQ,COND,CAR,CDR,EVAL,DEFINE	core1-lisp-body+s0-replay	.github/workflows/d4-status-certificates.yml + tests/fixtures/d4-status-certificate-s0.lisp	-	PASS:no-host-capability-marker-in-proof-body; Lisp-owned execution evidence required	642	scripts/research-2364-d4-status-certificates.py,.github/workflows/d4-status-certificates.yml	#2156,#2304,#2351,#2364	current D4/Core1 bridge; residency does not imply primitiveness
0111	generated	EVLIS behavior is reconstructed by admitted Lisp-owned program	EQ,COND,CONS,CAR,CDR,EVAL,DEFINE	core1-lisp-body+s0-replay	.github/workflows/d4-status-certificates.yml + tests/fixtures/d4-status-certificate-s0.lisp	-	PASS:no-host-capability-marker-in-proof-body; Lisp-owned execution evidence required	507	scripts/research-2364-d4-status-certificates.py,.github/workflows/d4-status-certificates.yml	#2156,#2304,#2351,#2364	current D4/Core1 bridge; residency does not imply primitiveness
