word	width	role	status	family	authority_ref	generator_ref	human_label_optional
0	1	answer	admitted	answer	#2151	-	NO
1	1	answer	admitted	answer	#2151	-	YES
00	2	structure	admitted	structure	#2151	-	separator
01	2	structure	admitted	structure	#2151	-	close
10	2	structure	admitted	structure	#2151	-	open
11	2	structure	admitted	structure	#2151	-	dot
000	3	foundation	admitted	foundation	#3202	-	()
001	3	foundation	admitted	foundation	#3202	-	QUOTE
010	3	foundation	admitted	foundation	#3202	-	ATOM
011	3	selector-root	admitted	selector	#3202	-	CDR
100	3	selector-root	admitted	selector	#3202	-	CAR
101	3	foundation	admitted	foundation	#3202	-	EQ
110	3	foundation	admitted	foundation	#3202	-	COND
111	3	foundation	admitted	foundation	#3202	-	CONS
0000	4	bootstrap	admitted	bootstrap	#3272	-	APPLY
0001	4	bootstrap	admitted	bootstrap	#3272	-	EVAL
0010	4	bootstrap	admitted	bootstrap	#3272	-	LAMBDA
0011	4	bootstrap	admitted	bootstrap	#3272	-	DEFINE
0100	4	bootstrap	admitted	bootstrap	#3272	-	NOT
0101	4	bootstrap	admitted	bootstrap	#3272	-	NULL
0110	4	selector	generated	selector	#3272	#2055/#3272	CDAR
0111	4	selector	generated	selector	#3272	#2055/#3272	CDDR
1000	4	selector	generated	selector	#3272	#2055/#3272	CAAR
1001	4	selector	generated	selector	#3272	#2055/#3272	CADR
1010	4	bootstrap	admitted	bootstrap	#3272	-	LOOKUP
1011	4	bootstrap	admitted	bootstrap	#3272	-	BIND
1100	4	bootstrap	admitted	bootstrap	#3272	-	EVCON
1101	4	bootstrap	admitted	bootstrap	#3272	-	EVLIS
1110	4	bootstrap	admitted	bootstrap	#3272	-	LIST
1111	4	bootstrap	admitted	bootstrap	#3272	-	APPEND
