function_identity	width	status	root_basis	law_path	certificate_ref	search_grammar	search_bound	independence_status	authority_ref	generator_ref	semantic_fact_refs	human_surface_optional
000	3	UNKNOWN	-	-	-	-	-	unknown	#2151/#2170	-	-	()
001	3	UNKNOWN	-	-	-	-	-	unknown	#2151/#2170	-	-	QUOTE
010	3	UNKNOWN	-	-	-	-	-	unknown	#2151/#2170	-	-	ATOM
011	3	UNKNOWN	-	-	-	-	-	unknown	#2151/#2170	-	-	COND
100	3	UNKNOWN	-	-	-	-	-	unknown	#2151/#2170	-	-	CONS
101	3	UNKNOWN	-	-	-	-	-	unknown	#2151/#2170	-	-	CAR
110	3	UNKNOWN	-	-	-	-	-	unknown	#2151/#2170	-	-	CDR
111	3	UNKNOWN	-	-	-	-	-	unknown	#2151/#2170	-	-	EQ
0000	4	UNKNOWN	-	-	-	-	-	unknown	#2151/#2170	-	-	APPLY
0001	4	UNKNOWN	-	-	-	-	-	unknown	#2151/#2170	-	-	EVAL
0010	4	UNKNOWN	-	-	-	-	-	unknown	#2151/#2170	-	-	LAMBDA
0011	4	UNKNOWN	-	-	-	-	-	unknown	#2151/#2170	-	-	DEFINE
0100	4	UNKNOWN	-	-	-	-	-	unknown	#2151/#2170	-	-	NOT
0110	4	UNKNOWN	-	-	-	-	-	unknown	#2151/#2170	-	-	EVCON
0111	4	UNKNOWN	-	-	-	-	-	unknown	#2151/#2170	-	-	EVLIS
1000	4	UNKNOWN	-	-	-	-	-	unknown	#2151/#2170	-	-	LIST
1010	4	generated	101	0	#2323/#2345	selector-suffix-v1	1	derived	#2151/#2170	#1968/#2329	#1968/#2304/#2329/#2345	CAAR
1011	4	generated	101	1	#2323/#2345	selector-suffix-v1	1	derived	#2151/#2170	#1968/#2329	#1968/#2304/#2329/#2345	CADR
1100	4	generated	110	0	#2323/#2345	selector-suffix-v1	1	derived	#2151/#2170	#1968/#2329	#1968/#2304/#2329/#2345	CDAR
1101	4	generated	110	1	#2323/#2345	selector-suffix-v1	1	derived	#2151/#2170	#1968/#2329	#1968/#2304/#2329/#2345	CDDR
1110	4	UNKNOWN	-	-	-	-	-	unknown	#2151/#2170	-	-	LOOKUP
1111	4	UNKNOWN	-	-	-	-	-	unknown	#2151/#2170	-	-	BIND
10100	5	generated	101	00	#2323/#2345	selector-suffix-v1	2	derived	#2175/#2329	#1968/#2329	#1968/#2304/#2329/#2345	CAAAR
10101	5	generated	101	01	#2323/#2345	selector-suffix-v1	2	derived	#2175/#2329	#1968/#2329	#1968/#2304/#2329/#2345	CAADR
10110	5	generated	101	10	#2323/#2345	selector-suffix-v1	2	derived	#2175/#2329	#1968/#2329	#1968/#2304/#2329/#2345	CADAR
10111	5	generated	101	11	#2323/#2345	selector-suffix-v1	2	derived	#2175/#2329	#1968/#2329	#1968/#2304/#2329/#2345	CADDR
11000	5	generated	110	00	#2323/#2345	selector-suffix-v1	2	derived	#2175/#2329	#1968/#2329	#1968/#2304/#2329/#2345	CDAAR
11001	5	generated	110	01	#2323/#2345	selector-suffix-v1	2	derived	#2175/#2329	#1968/#2329	#1968/#2304/#2329/#2345	CDADR
11010	5	generated	110	10	#2323/#2345	selector-suffix-v1	2	derived	#2175/#2329	#1968/#2329	#1968/#2304/#2329/#2345	CDDAR
11011	5	generated	110	11	#2323/#2345	selector-suffix-v1	2	derived	#2175/#2329	#1968/#2329	#1968/#2304/#2329/#2345	CDDDR
