workload	rep	inner_repeats	sens_ns_per_op	rust_ns_per_op
d3-quote-empty	0	10000	99.6663	2.5548
d3-quote-empty	1	10000	107.9891	2.5646
d3-quote-empty	2	10000	98.5166	4.9426
d3-quote-empty	3	10000	100.5212	2.5646
d3-quote-empty	4	10000	98.6936	2.486
d3-quote-empty	5	10000	101.6807	2.486
d3-quote-empty	6	10000	102.4668	2.5744
d3-quote-empty	7	10000	101.5136	2.5646
d3-quote-empty	8	10000	99.9611	2.5646
d3-quote-empty	9	10000	98.0942	2.5548
d3-car-empty	0	10000	473.1571	2.5548
d3-car-empty	1	10000	467.3695	2.5646
d3-car-empty	2	10000	480.0648	3.2918
d3-car-empty	3	10000	470.6317	2.604
d3-car-empty	4	10000	462.1911	2.5647
d3-car-empty	5	10000	478.3453	3.7831
d3-car-empty	6	10000	565.3752	2.5646
d3-car-empty	7	10000	702.6559	2.5646
d3-car-empty	8	10000	492.3082	2.5646
d3-car-empty	9	10000	502.2523	2.5646
