case	mode	rep	i_refs	branches
w1	prepare-logical	1	6461917	839207
w1	prepare-unpacked	1	6855955	904832
w1	prepare-packed	1	10378332	1339038
w1	prepare-cached	1	13196969	1732337
w1	scan-unpacked	1	9477695	1167043
w1	scan-packed	1	21650643	2649761
w1	scan-cached	1	15818515	1994484
w2	prepare-logical	1	9607659	1429033
w2	prepare-unpacked	1	10001697	1494658
w2	prepare-packed	1	15735944	2297509
w2	prepare-cached	1	19209927	2821878
w2	scan-unpacked	1	12623437	1756869
w2	scan-packed	1	29629681	4132518
w2	scan-cached	1	21831473	3084025
w3	prepare-logical	1	12753387	2018857
w3	prepare-unpacked	1	13147425	2084482
w3	prepare-packed	1	20373216	3124941
w3	prepare-cached	1	23912735	3665694
w3	scan-unpacked	1	15769174	2346697
w3	scan-packed	1	34529106	5025490
w3	scan-cached	1	26534290	3927845
w4	prepare-logical	1	15899115	2608681
w4	prepare-unpacked	1	16293153	2674306
w4	prepare-packed	1	25009183	3952286
w4	prepare-cached	1	28483166	4476655
w4	scan-unpacked	1	18914893	2936517
w4	scan-packed	1	38902920	5787295
w4	scan-cached	1	31104712	4738802
w5	prepare-logical	1	19044843	3198505
w5	prepare-unpacked	1	19438881	3264130
w5	prepare-packed	1	29641175	4779366
w5	prepare-cached	1	33246230	5336503
w5	scan-unpacked	1	22060621	3526341
w5	scan-packed	1	44059200	6745447
w5	scan-cached	1	35867776	5598650
w6	prepare-logical	1	22190571	3788329
w6	prepare-unpacked	1	22584609	3853954
w6	prepare-packed	1	34273742	5606485
w6	prepare-cached	1	37878797	6163622
w6	scan-unpacked	1	25206358	4116169
w6	scan-packed	1	48691776	7572570
w6	scan-cached	1	40500352	6425773
w7	prepare-logical	1	25467371	4378153
w7	prepare-unpacked	1	25861409	4443778
w7	prepare-packed	1	39039731	6433760
w7	prepare-cached	1	42710322	7007281
w7	scan-unpacked	1	28483158	4705993
w7	scan-packed	1	53719909	8465381
w7	scan-cached	1	45331877	7269432
w8	prepare-logical	1	28482027	4967977
w8	prepare-unpacked	1	28876065	5033602
w8	prepare-packed	1	43805945	7195514
w8	prepare-cached	1	47083320	7719883
w8	scan-unpacked	1	31497814	5295817
w8	scan-packed	1	56913259	9030527
w8	scan-cached	1	49704875	7982034
d1234	prepare-logical	1	14457367	2084402
d1234	prepare-unpacked	1	14851391	2150026
d1234	prepare-packed	1	21643809	3120134
d1234	prepare-cached	1	25120526	3647917
d1234	scan-unpacked	1	17473130	2412241
d1234	scan-packed	1	35548501	4968803
d1234	scan-cached	1	27742091	3910068
mixed18	prepare-logical	1	14391841	2018873
mixed18	prepare-unpacked	1	14785893	2084499
mixed18	prepare-packed	1	24184987	3456350
mixed18	prepare-cached	1	27667162	3993007
mixed18	scan-unpacked	1	17407623	2346710
mixed18	scan-packed	1	38111506	5340512
mixed18	scan-cached	1	30288722	4255155
w1	prepare-logical	2	6461917	839207
w1	prepare-unpacked	2	6855955	904832
w1	prepare-packed	2	10378332	1339038
w1	prepare-cached	2	13196969	1732337
w1	scan-unpacked	2	9477695	1167043
w1	scan-packed	2	21650643	2649761
w1	scan-cached	2	15818515	1994484
w2	prepare-logical	2	9607659	1429033
w2	prepare-unpacked	2	10001697	1494658
w2	prepare-packed	2	15735944	2297509
w2	prepare-cached	2	19209927	2821878
w2	scan-unpacked	2	12623437	1756869
w2	scan-packed	2	29629681	4132518
w2	scan-cached	2	21831473	3084025
w3	prepare-logical	2	12753387	2018857
w3	prepare-unpacked	2	13147425	2084482
w3	prepare-packed	2	20373216	3124941
w3	prepare-cached	2	23912735	3665694
w3	scan-unpacked	2	15769174	2346697
w3	scan-packed	2	34529106	5025490
w3	scan-cached	2	26534290	3927845
w4	prepare-logical	2	15899115	2608681
w4	prepare-unpacked	2	16293153	2674306
w4	prepare-packed	2	25009183	3952286
w4	prepare-cached	2	28483166	4476655
w4	scan-unpacked	2	18914893	2936517
w4	scan-packed	2	38902920	5787295
w4	scan-cached	2	31104712	4738802
w5	prepare-logical	2	19044843	3198505
w5	prepare-unpacked	2	19438881	3264130
w5	prepare-packed	2	29641175	4779366
w5	prepare-cached	2	33246230	5336503
w5	scan-unpacked	2	22060621	3526341
w5	scan-packed	2	44059200	6745447
w5	scan-cached	2	35867776	5598650
w6	prepare-logical	2	22190571	3788329
w6	prepare-unpacked	2	22584609	3853954
w6	prepare-packed	2	34273742	5606485
w6	prepare-cached	2	37878797	6163622
w6	scan-unpacked	2	25206358	4116169
w6	scan-packed	2	48691776	7572570
w6	scan-cached	2	40500352	6425773
w7	prepare-logical	2	25467371	4378153
w7	prepare-unpacked	2	25861409	4443778
w7	prepare-packed	2	39039731	6433760
w7	prepare-cached	2	42710322	7007281
w7	scan-unpacked	2	28483158	4705993
w7	scan-packed	2	53719909	8465381
w7	scan-cached	2	45331877	7269432
w8	prepare-logical	2	28482027	4967977
w8	prepare-unpacked	2	28876065	5033602
w8	prepare-packed	2	43805945	7195514
w8	prepare-cached	2	47083320	7719883
w8	scan-unpacked	2	31497814	5295817
w8	scan-packed	2	56913259	9030527
w8	scan-cached	2	49704875	7982034
d1234	prepare-logical	2	14457367	2084402
d1234	prepare-unpacked	2	14851391	2150026
d1234	prepare-packed	2	21643809	3120134
d1234	prepare-cached	2	25120526	3647917
d1234	scan-unpacked	2	17473130	2412241
d1234	scan-packed	2	35548501	4968803
d1234	scan-cached	2	27742091	3910068
mixed18	prepare-logical	2	14391841	2018873
mixed18	prepare-unpacked	2	14785893	2084499
mixed18	prepare-packed	2	24184987	3456350
mixed18	prepare-cached	2	27667162	3993007
mixed18	scan-unpacked	2	17407623	2346710
mixed18	scan-packed	2	38111506	5340512
mixed18	scan-cached	2	30288722	4255155
w1	prepare-logical	3	6461917	839207
w1	prepare-unpacked	3	6855955	904832
w1	prepare-packed	3	10378332	1339038
w1	prepare-cached	3	13196969	1732337
w1	scan-unpacked	3	9477695	1167043
w1	scan-packed	3	21650643	2649761
w1	scan-cached	3	15818515	1994484
w2	prepare-logical	3	9607659	1429033
w2	prepare-unpacked	3	10001697	1494658
w2	prepare-packed	3	15735944	2297509
w2	prepare-cached	3	19209927	2821878
w2	scan-unpacked	3	12623437	1756869
w2	scan-packed	3	29629681	4132518
w2	scan-cached	3	21831473	3084025
w3	prepare-logical	3	12753387	2018857
w3	prepare-unpacked	3	13147425	2084482
w3	prepare-packed	3	20373216	3124941
w3	prepare-cached	3	23912735	3665694
w3	scan-unpacked	3	15769174	2346697
w3	scan-packed	3	34529106	5025490
w3	scan-cached	3	26534290	3927845
w4	prepare-logical	3	15899115	2608681
w4	prepare-unpacked	3	16293153	2674306
w4	prepare-packed	3	25009183	3952286
w4	prepare-cached	3	28483166	4476655
w4	scan-unpacked	3	18914893	2936517
w4	scan-packed	3	38902920	5787295
w4	scan-cached	3	31104712	4738802
w5	prepare-logical	3	19044843	3198505
w5	prepare-unpacked	3	19438881	3264130
w5	prepare-packed	3	29641175	4779366
w5	prepare-cached	3	33246230	5336503
w5	scan-unpacked	3	22060621	3526341
w5	scan-packed	3	44059200	6745447
w5	scan-cached	3	35867776	5598650
w6	prepare-logical	3	22190571	3788329
w6	prepare-unpacked	3	22584609	3853954
w6	prepare-packed	3	34273742	5606485
w6	prepare-cached	3	37878797	6163622
w6	scan-unpacked	3	25206358	4116169
w6	scan-packed	3	48691776	7572570
w6	scan-cached	3	40500352	6425773
w7	prepare-logical	3	25467371	4378153
w7	prepare-unpacked	3	25861409	4443778
w7	prepare-packed	3	39039731	6433760
w7	prepare-cached	3	42710322	7007281
w7	scan-unpacked	3	28483158	4705993
w7	scan-packed	3	53719909	8465381
w7	scan-cached	3	45331877	7269432
w8	prepare-logical	3	28482027	4967977
w8	prepare-unpacked	3	28876065	5033602
w8	prepare-packed	3	43805945	7195514
w8	prepare-cached	3	47083320	7719883
w8	scan-unpacked	3	31497814	5295817
w8	scan-packed	3	56913259	9030527
w8	scan-cached	3	49704875	7982034
d1234	prepare-logical	3	14457367	2084402
d1234	prepare-unpacked	3	14851391	2150026
d1234	prepare-packed	3	21643809	3120134
d1234	prepare-cached	3	25120526	3647917
d1234	scan-unpacked	3	17473130	2412241
d1234	scan-packed	3	35548501	4968803
d1234	scan-cached	3	27742091	3910068
mixed18	prepare-logical	3	14391841	2018873
mixed18	prepare-unpacked	3	14785893	2084499
mixed18	prepare-packed	3	24184987	3456350
mixed18	prepare-cached	3	27667162	3993007
mixed18	scan-unpacked	3	17407623	2346710
mixed18	scan-packed	3	38111506	5340512
mixed18	scan-cached	3	30288722	4255155
