case	words	avg_bits_per_word	unpacked_bytes	packed_bytes	density_gain	payload_utilization	materialize_i_per_word	encode_i_per_word	decode_once_i_per_word	unpacked_scan_i_per_word	packed_scan_i_per_word	cached_scan_i_per_word	packed_scan_slowdown	cached_scan_slowdown	cache_crossover_passes	unpacked_branches_per_word	packed_branches_per_word	cached_branches_per_word
w1	65536	1.0	65536	8192	8.0	1.0	6.012542724609375	59.75975036621094	43.00898742675781	10.001144409179688	43.00045394897461	10.000404357910156	4.299553350065223	0.9999260033412924	1.3033006907481592	1.0002555847167969	5.000011444091797	1.0000114440917969
w2	65536	2.0	65536	16384	4.0	1.0	6.012542724609375	93.51020812988281	53.00877380371094	10.001144409179688	53.00040054321289	10.000404357910156	5.299433582277419	0.9999260033412924	1.232762290844788	1.0002555847167969	7.000003814697266	1.0000114440917969
w3	65536	3.0	65536	24576	2.6666666666666665	1.0	6.012542724609375	116.26936340332031	54.00877380371094	10.001178741455078	54.00043487548828	10.000438690185547	5.3994070370580864	0.9999260035953098	1.2274722383214984	1.0002708435058594	7.250019073486328	1.0000267028808594
w4	65536	4.0	65536	32768	2.0	1.0	6.012542724609375	139.00860595703125	53.00877380371094	10.001144409179688	53.00040054321289	10.000404357910156	5.299433582277419	0.9999260033412924	1.232762290844788	1.0002555847167969	7.000003814697266	1.0000114440917969
w5	65536	5.0	65536	40960	1.6	1.0	6.012542724609375	161.68719482421875	55.00877380371094	10.001144409179688	55.00040054321289	10.000404357910156	5.49941069671287	0.9999260033412924	1.2224172992636193	1.0002555847167969	7.500003814697266	1.0000114440917969
w6	65536	6.0	65536	49152	1.3333333333333333	1.0	6.012542724609375	184.3745574951172	55.00877380371094	10.001178741455078	55.00043487548828	10.000438690185547	5.499395251032803	0.9999260035953098	1.2224172992636193	1.0002708435058594	7.500019073486328	1.0000267028808594
w7	65536	7.0	65536	57344	1.1428571428571428	1.0	6.012542724609375	207.0977783203125	56.00877380371094	10.001178741455078	56.00043487548828	10.000438690185547	5.59938346500752	0.9999260035953098	1.2175821401830043	1.0002708435058594	7.750019073486328	1.0000267028808594
w8	65536	8.0	65536	65536	1.0	1.0	6.012542724609375	233.82443237304688	50.00877380371094	10.001178741455078	50.00043487548828	10.000438690185547	4.999454181159218	0.9999260035953098	1.2502194643229927	1.0002708435058594	7.000019073486328	1.0000267028808594
d1234	65536	2.75	65536	22528	2.909090909090909	1.0	6.0123291015625	109.65640258789062	53.05049133300781	10.001140594482422	53.04219055175781	10.000476837158203	5.303614127874666	0.9999336318374942	1.2325366895187833	1.0002708435058594	7.052112579345703	1.0000267028808594
mixed18	65536	4.5	65536	36864	1.7777777777777777	1.0	6.01275634765625	149.43154907226562	53.13377380371094	10.001106262207031	53.12545394897461	10.000457763671875	5.311957753086702	0.999935157319785	1.232087617478312	1.0002555847167969	7.187507629394531	1.0000152587890625
