depth	pattern	mode	calls	samples	checksum	prepare_i_refs	prepare_i_refs_min	prepare_i_refs_max	full_i_refs	full_i_refs_min	full_i_refs_max	execute_i_refs	execute_i_refs_min	execute_i_refs_max	prepare_i_refs_raw	full_i_refs_raw	execute_i_refs_raw	i_refs_per_call	distinct_words	path_depth	registry_lookups	root_selections	prefix_bits_consumed	generator_applications	cache_hits	cache_misses	residue_lookups	cache_entries	tree_data_edges	prepare_path_decodes	prepare_prefix_bits	compiled_descriptor_loads	hybrid_route_branches
0	repeated	flat	20000	3	20000	3224806	3224806	3224806	3824807	3824807	3824807	600001	600001	600001	3224806,3224806,3224806	3824807,3824807,3824807	600001,600001,600001	30.000	1	0	20000	0	0	0	0	0	0	0	20000	0	0	0	0
0	repeated	cold	20000	3	20000	3225617	3225617	3225617	3745618	3745618	3745618	520001	520001	520001	3225617,3225617,3225617	3745618,3745618,3745618	520001,520001,520001	26.000	1	0	0	20000	0	0	0	0	0	0	20000	0	0	0	0
0	repeated	compiled	20000	3	20000	5907771	5907771	5907771	6427776	6427776	6427776	520005	520005	520005	5907771,5907771,5907771	6427776,6427776,6427776	520005,520005,520005	26.000	1	0	0	0	0	0	0	0	0	0	20000	1	0	20000	0
0	repeated	cached	20000	3	20000	6146754	6146754	6146754	8766775	8766775	8766775	2620021	2620021	2620021	6146754,6146754,6146754	8766775,8766775,8766775	2620021,2620021,2620021	131.001	1	0	0	0	0	0	20000	0	0	1	20000	1	0	0	0
0	repeated	hybrid	20000	3	20000	6146520	6146520	6146520	6666548	6666548	6666548	520028	520028	520028	6146520,6146520,6146520	6666548,6666548,6666548	520028,520028,520028	26.001	1	0	0	20000	0	0	0	0	0	1	20000	0	0	0	20000
0	random	flat	20000	3	30141	3384833	3384833	3384833	3984806	3984806	3984806	599973	599973	599973	3384833,3384833,3384833	3984806,3984806,3984806	599973,599973,599973	29.999	2	0	20000	0	0	0	0	0	0	0	20000	0	0	0	0
0	random	cold	20000	3	30141	3385644	3385644	3385644	3905617	3905617	3905617	519973	519973	519973	3385644,3385644,3385644	3905617,3905617,3905617	519973,519973,519973	25.999	2	0	0	20000	0	0	0	0	0	0	20000	0	0	0	0
0	random	compiled	20000	3	30141	6067965	6067965	6067965	6587942	6587942	6587942	519977	519977	519977	6067965,6067965,6067965	6587942,6587942,6587942	519977,519977,519977	25.999	2	0	0	0	0	0	0	0	0	0	20000	2	0	20000	0
0	random	cached	20000	3	30141	6306793	6306793	6306793	8926842	8926842	8926842	2620049	2620049	2620049	6306793,6306793,6306793	8926842,8926842,8926842	2620049,2620049,2620049	131.002	2	0	0	0	0	0	20000	0	0	2	20000	2	0	0	0
0	random	hybrid	20000	3	30141	6306559	6306559	6306559	6826615	6826615	6826615	520056	520056	520056	6306559,6306559,6306559	6826615,6826615,6826615	520056,520056,520056	26.003	2	0	0	20000	0	0	0	0	0	2	20000	0	0	0	20000
1	repeated	flat	20000	3	60000	3224562	3224562	3224562	4064563	4064563	4064563	840001	840001	840001	3224562,3224562,3224562	4064563,4064563,4064563	840001,840001,840001	42.000	1	1	20000	0	0	0	0	0	0	0	40000	0	0	0	0
1	repeated	cold	20000	3	60000	3225647	3225647	3225647	3985648	3985648	3985648	760001	760001	760001	3225647,3225647,3225647	3985648,3985648,3985648	760001,760001,760001	38.000	1	1	0	20000	20000	20000	0	0	0	0	40000	0	0	0	0
1	repeated	compiled	20000	3	60000	5907659	5907659	5907659	6667664	6667664	6667664	760005	760005	760005	5907659,5907659,5907659	6667664,6667664,6667664	760005,760005,760005	38.000	1	1	0	0	0	0	0	0	0	0	40000	1	1	20000	0
1	repeated	cached	20000	3	60000	6146642	6146642	6146642	9006663	9006663	9006663	2860021	2860021	2860021	6146642,6146642,6146642	9006663,9006663,9006663	2860021,2860021,2860021	143.001	1	1	0	0	0	0	20000	0	0	1	40000	1	1	0	0
1	repeated	hybrid	20000	3	60000	6146408	6146408	6146408	9046436	9046436	9046436	2900028	2900028	2900028	6146408,6146408,6146408	9046436,9046436,9046436	2900028,2900028,2900028	145.001	1	1	0	0	0	0	20000	0	0	1	40000	0	0	0	20000
1	random	flat	20000	3	90141	3385422	3385422	3385427	4225395	4225395	4225395	839973	839968	839973	3385427,3385422,3385422	4225395,4225395,4225395	839968,839973,839973	41.999	4	1	20000	0	0	0	0	0	0	0	40000	0	0	0	0
1	random	cold	20000	3	90141	3386507	3386507	3386507	4146480	4146480	4146485	759973	759973	759978	3386507,3386507,3386507	4146480,4146480,4146485	759973,759973,759978	37.999	4	1	0	20000	20000	20000	0	0	0	0	40000	0	0	0	0
1	random	compiled	20000	3	90141	6069549	6069549	6069575	6829526	6829526	6829526	759977	759951	759977	6069549,6069575,6069549	6829526,6829526,6829526	759977,759951,759977	37.999	4	1	0	0	0	0	0	0	0	0	40000	4	4	20000	0
1	random	cached	20000	3	90141	6308109	6308109	6308109	9168158	9168158	9168158	2860049	2860049	2860049	6308109,6308109,6308109	9168158,9168158,9168158	2860049,2860049,2860049	143.002	4	1	0	0	0	0	20000	0	0	4	40000	4	4	0	0
1	random	hybrid	20000	3	90141	6307875	6307875	6307875	9207931	9207931	9207936	2900056	2900056	2900061	6307875,6307875,6307875	9207931,9207936,9207931	2900056,2900061,2900056	145.003	4	1	0	0	0	0	20000	0	0	4	40000	0	0	0	20000
2	repeated	flat	20000	3	180000	3224835	3224835	3224835	4304849	4304849	4304849	1080014	1080014	1080014	3224835,3224835,3224835	4304849,4304849,4304849	1080014,1080014,1080014	54.001	1	2	20000	0	0	0	0	0	0	0	60000	0	0	0	0
2	repeated	cold	20000	3	180000	3225707	3225707	3225707	4225721	4225721	4225721	1000014	1000014	1000014	3225707,3225707,3225707	4225721,4225721,4225721	1000014,1000014,1000014	50.001	1	2	0	20000	40000	40000	0	0	0	0	60000	0	0	0	0
2	repeated	compiled	20000	3	180000	5907719	5907719	5907719	6907737	6907737	6907737	1000018	1000018	1000018	5907719,5907719,5907719	6907737,6907737,6907737	1000018,1000018,1000018	50.001	1	2	0	0	0	0	0	0	0	0	60000	1	2	20000	0
2	repeated	cached	20000	3	180000	6146702	6146702	6146702	9246736	9246736	9246736	3100034	3100034	3100034	6146702,6146702,6146702	9246736,9246736,9246736	3100034,3100034,3100034	155.002	1	2	0	0	0	0	20000	0	0	1	60000	1	2	0	0
2	repeated	hybrid	20000	3	180000	6146468	6146468	6146468	9286509	9286509	9286509	3140041	3140041	3140041	6146468,6146468,6146468	9286509,9286509,9286509	3140041,3140041,3140041	157.002	1	2	0	0	0	0	20000	0	0	1	60000	0	0	0	20000
2	random	flat	20000	3	210141	3387056	3387056	3387056	4467047	4467042	4500141	1079991	1079986	1113085	3387056,3387056,3387056	4467042,4467047,4500141	1079986,1079991,1113085	54.000	8	2	20000	0	0	0	0	0	0	0	60000	0	0	0	0
2	random	cold	20000	3	210141	3387928	3387928	3387933	4387914	4387914	4387928	999986	999981	1000000	3387928,3387928,3387933	4387928,4387914,4387914	1000000,999986,999981	49.999	8	2	0	20000	40000	40000	0	0	0	0	60000	0	0	0	0
2	random	compiled	20000	3	210141	6073415	6073401	6102894	7073396	7073391	7073427	999981	970497	1000026	6073415,6073401,6102894	7073396,7073427,7073391	999981,1000026,970497	49.999	8	2	0	0	0	0	0	0	0	0	60000	8	16	20000	0
2	random	cached	20000	3	210141	6311014	6311014	6311022	9411085	9411081	9411100	3100067	3100063	3100086	6311014,6311022,6311014	9411100,9411085,9411081	3100086,3100063,3100067	155.003	8	2	0	0	0	0	20000	0	0	8	60000	8	16	0	0
2	random	hybrid	20000	3	210141	6310759	6310759	6310764	9450828	9450828	9450856	3140069	3140064	3140097	6310764,6310759,6310759	9450828,9450856,9450828	3140064,3140097,3140069	157.003	8	2	0	0	0	0	20000	0	0	8	60000	0	0	0	20000
4	repeated	flat	20000	3	820000	3225545	3225545	3225545	4785559	4785559	4785559	1560014	1560014	1560014	3225545,3225545,3225545	4785559,4785559,4785559	1560014,1560014,1560014	78.001	1	4	20000	0	0	0	0	0	0	0	100000	0	0	0	0
4	repeated	cold	20000	3	820000	3226012	3226012	3226012	4706026	4706026	4706026	1480014	1480014	1480014	3226012,3226012,3226012	4706026,4706026,4706026	1480014,1480014,1480014	74.001	1	4	0	20000	80000	80000	0	0	0	0	100000	0	0	0	0
4	repeated	compiled	20000	3	820000	5908024	5908024	5908024	7388042	7388042	7388042	1480018	1480018	1480018	5908024,5908024,5908024	7388042,7388042,7388042	1480018,1480018,1480018	74.001	1	4	0	0	0	0	0	0	0	0	100000	1	4	20000	0
4	repeated	cached	20000	3	820000	6147007	6147007	6147007	9727041	9727041	9727041	3580034	3580034	3580034	6147007,6147007,6147007	9727041,9727041,9727041	3580034,3580034,3580034	179.002	1	4	0	0	0	0	20000	0	0	1	100000	1	4	0	0
4	repeated	hybrid	20000	3	820000	6146773	6146773	6146773	9766814	9766814	9766814	3620041	3620041	3620041	6146773,6146773,6146773	9766814,9766814,9766814	3620041,3620041,3620041	181.002	1	4	0	0	0	0	20000	0	0	1	100000	0	0	0	20000
4	random	flat	20000	3	930141	3394319	3394319	3394324	4954313	4954291	4962513	1559989	1559972	1568194	3394319,3394319,3394324	4962513,4954291,4954313	1568194,1559972,1559989	77.999	32	4	20000	0	0	0	0	0	0	0	100000	0	0	0	0
4	random	cold	20000	3	930141	3394791	3394772	3402967	4874763	4874744	4874820	1479972	1471853	1479972	3394772,3402967,3394791	4874744,4874820,4874763	1479972,1471853,1479972	73.999	32	4	0	20000	80000	80000	0	0	0	0	100000	0	0	0	0
4	random	compiled	20000	3	930141	6091455	6091455	6107361	7571552	7571455	7579400	1480000	1472039	1480097	6107361,6091455,6091455	7579400,7571552,7571455	1472039,1480097,1480000	74.000	32	4	0	0	0	0	0	0	0	0	100000	32	128	20000	0
4	random	cached	20000	3	930141	6325107	6325093	6332776	9905157	9905156	9920400	3580064	3572380	3595293	6325093,6332776,6325107	9905157,9905156,9920400	3580064,3572380,3595293	179.003	32	4	0	0	0	0	20000	0	0	32	100000	32	128	0	0
4	random	hybrid	20000	3	930141	6324833	6324813	6324882	9944958	9944926	9945027	3620145	3620093	3620145	6324882,6324833,6324813	9945027,9944926,9944958	3620145,3620093,3620145	181.007	32	4	0	0	0	0	20000	0	0	32	100000	0	0	0	20000
8	repeated	flat	20000	3	13620000	3244664	3244664	3244664	5764725	5764725	5764725	2520061	2520061	2520061	3244664,3244664,3244664	5764725,5764725,5764725	2520061,2520061,2520061	126.003	1	8	20000	0	0	0	0	0	0	0	180000	0	0	0	0
8	repeated	cold	20000	3	13620000	3236931	3236931	3236931	5676992	5676992	5676992	2440061	2440061	2440061	3236931,3236931,3236931	5676992,5676992,5676992	2440061,2440061,2440061	122.003	1	8	0	20000	160000	160000	0	0	0	0	180000	0	0	0	0
8	repeated	compiled	20000	3	13620000	5918929	5918929	5918929	8358994	8358994	8358994	2440065	2440065	2440065	5918929,5918929,5918929	8358994,8358994,8358994	2440065,2440065,2440065	122.003	1	8	0	0	0	0	0	0	0	0	180000	1	8	20000	0
8	repeated	cached	20000	3	13620000	6157873	6157873	6157873	10697954	10697954	10697954	4540081	4540081	4540081	6157873,6157873,6157873	10697954,10697954,10697954	4540081,4540081,4540081	227.004	1	8	0	0	0	0	20000	0	0	1	180000	1	8	0	0
8	repeated	hybrid	20000	3	13620000	6157639	6157639	6157639	10737727	10737727	10737727	4580088	4580088	4580088	6157639,6157639,6157639	10737727,10737727,10737727	4580088,4580088,4580088	229.004	1	8	0	0	0	0	20000	0	0	1	180000	0	0	0	20000
8	random	flat	20000	3	15330145	3531515	3531434	3533361	6052014	6050471	6052122	2518956	2518761	2520580	3531515,3531434,3533361	6050471,6052014,6052122	2518956,2520580,2518761	125.948	512	8	20000	0	0	0	0	0	0	0	180000	0	0	0	0
8	random	cold	20000	3	15330145	3523543	3522785	3523795	5964377	5962620	5965451	2440582	2439077	2442666	3523543,3523795,3522785	5962620,5964377,5965451	2439077,2440582,2442666	122.029	512	8	0	20000	160000	160000	0	0	0	0	180000	0	0	0	0
8	random	compiled	20000	3	15330145	6414409	6413660	6414494	8855062	8853277	8856980	2440653	2439617	2442486	6414494,6413660,6414409	8856980,8853277,8855062	2442486,2439617,2440653	122.033	512	8	0	0	0	0	0	0	0	0	180000	512	4096	20000	0
8	random	cached	20000	3	15330145	6584307	6583819	6586032	11125667	11124491	11126706	4540674	4540672	4541360	6584307,6586032,6583819	11125667,11126706,11124491	4541360,4540674,4540672	227.034	512	8	0	0	0	0	20000	0	0	512	180000	512	4096	0	0
8	random	hybrid	20000	3	15330145	6583785	6583738	6584677	11163955	11163944	11165136	4580217	4580159	4580459	6583738,6583785,6584677	11163955,11163944,11165136	4580217,4580159,4580459	229.011	512	8	0	0	0	0	20000	0	0	512	180000	0	0	0	20000
16	repeated	flat	20000	3	3495220000	8271338	8271338	8271338	12711396	12711396	12711396	4440058	4440058	4440058	8271338,8271338,8271338	12711396,12711396,12711396	4440058,4440058,4440058	222.003	1	16	20000	0	0	0	0	0	0	0	340000	0	0	0	0
16	repeated	cold	20000	3	3495220000	6044039	6044039	6044039	10404097	10404097	10404097	4360058	4360058	4360058	6044039,6044039,6044039	10404097,10404097,10404097	4360058,4360058,4360058	218.003	1	16	0	20000	320000	320000	0	0	0	0	340000	0	0	0	0
16	repeated	compiled	20000	3	3495220000	8726027	8726027	8726027	13086103	13086103	13086103	4360076	4360076	4360076	8726027,8726027,8726027	13086103,13086103,13086103	4360076,4360076,4360076	218.004	1	16	0	0	0	0	0	0	0	0	340000	1	16	20000	0
16	repeated	cached	20000	3	3495220000	8964996	8964996	8964996	15425102	15425102	15425102	6460106	6460106	6460106	8964996,8964996,8964996	15425102,15425102,15425102	6460106,6460106,6460106	323.005	1	16	0	0	0	0	20000	0	0	1	340000	1	16	0	0
16	repeated	hybrid	20000	3	3495220000	8964746	8964746	8964746	15464859	15464859	15464859	6500113	6500113	6500113	8964746,8964746,8964746	15464859,15464859,15464859	6500113,6500113,6500113	325.006	1	16	0	0	0	0	20000	0	0	1	340000	0	0	0	20000
16	random	flat	20000	3	3932133587	12501831	12497466	12507039	16945304	16942855	16946581	4443473	4435816	4449115	12507039,12497466,12501831	16942855,16946581,16945304	4435816,4449115,4443473	222.174	20000	16	20000	0	0	0	0	0	0	0	340000	0	0	0	0
16	random	cold	20000	3	3932133587	10276364	10270235	10279504	14636164	14632462	14640393	4362227	4356660	4364029	10276364,10279504,10270235	14640393,14636164,14632462	4364029,4356660,4362227	218.111	20000	16	0	20000	320000	320000	0	0	0	0	340000	0	0	0	0
16	random	compiled	20000	3	3932133587	20102099	20100380	20103038	24467700	24460462	24470077	4367039	4358363	4367320	20102099,20103038,20100380	24460462,24470077,24467700	4358363,4367039,4367320	218.352	20000	16	0	0	0	0	0	0	0	0	340000	20000	320000	20000	0
16	random	cached	20000	3	3932133587	17746168	17745060	17747586	24208383	24205312	24216100	6463323	6457726	6469932	17747586,17746168,17745060	24205312,24216100,24208383	6457726,6469932,6463323	323.166	20000	16	0	0	0	0	20000	0	0	20000	340000	20000	320000	0	0
16	random	hybrid	20000	3	3932133587	17751027	17743698	17759828	24248294	24246851	24250141	6499114	6488466	6503153	17743698,17751027,17759828	24246851,24250141,24248294	6503153,6499114,6488466	324.956	20000	16	0	0	0	0	20000	0	0	20000	340000	0	0	0	20000
